name,category,slot,source_kind,source_path,output_gltf,animations,frame_count
axe_1handed,weapons,hand_right,existing_gltf,glb/equipment/weapons/axe_1handed.gltf,animated_gltf/existing_gltf/weapons/axe_1handed_animated.gltf,"Draw_24,Sheathe_24,BasicSlash_24,HeavySlash_24,IdleDrawn_24",24
axe_2handed,weapons,hand_right,existing_gltf,glb/equipment/weapons/axe_2handed.gltf,animated_gltf/existing_gltf/weapons/axe_2handed_animated.gltf,"Draw_24,Sheathe_24,BasicSlash_24,HeavySlash_24,IdleDrawn_24",24
dagger,weapons,hand_right,existing_gltf,glb/equipment/weapons/dagger.gltf,animated_gltf/existing_gltf/weapons/dagger_animated.gltf,"Draw_24,Sheathe_24,BasicSlash_24,HeavySlash_24,IdleDrawn_24",24
sword_1handed,weapons,hand_right,existing_gltf,glb/equipment/weapons/sword_1handed.gltf,animated_gltf/existing_gltf/weapons/sword_1handed_animated.gltf,"Draw_24,Sheathe_24,BasicSlash_24,HeavySlash_24,IdleDrawn_24",24
sword_2handed,weapons,hand_right,existing_gltf,glb/equipment/weapons/sword_2handed.gltf,animated_gltf/existing_gltf/weapons/sword_2handed_animated.gltf,"Draw_24,Sheathe_24,BasicSlash_24,HeavySlash_24,IdleDrawn_24",24
sword_2handed_color,weapons,hand_right,existing_gltf,glb/equipment/weapons/sword_2handed_color.gltf,animated_gltf/existing_gltf/weapons/sword_2handed_color_animated.gltf,"Draw_24,Sheathe_24,BasicSlash_24,HeavySlash_24,IdleDrawn_24",24
shield_badge,shields,hand_left,existing_gltf,glb/equipment/shields/shield_badge.gltf,animated_gltf/existing_gltf/shields/shield_badge_animated.gltf,"Equip_24,BlockRaise_24,ShieldBash_24,LowerGuard_24,IdleGuard_24",24
shield_badge_color,shields,hand_left,existing_gltf,glb/equipment/shields/shield_badge_color.gltf,animated_gltf/existing_gltf/shields/shield_badge_color_animated.gltf,"Equip_24,BlockRaise_24,ShieldBash_24,LowerGuard_24,IdleGuard_24",24
shield_round,shields,hand_left,existing_gltf,glb/equipment/shields/shield_round.gltf,animated_gltf/existing_gltf/shields/shield_round_animated.gltf,"Equip_24,BlockRaise_24,ShieldBash_24,LowerGuard_24,IdleGuard_24",24
shield_round_barbarian,shields,hand_left,existing_gltf,glb/equipment/shields/shield_round_barbarian.gltf,animated_gltf/existing_gltf/shields/shield_round_barbarian_animated.gltf,"Equip_24,BlockRaise_24,ShieldBash_24,LowerGuard_24,IdleGuard_24",24
shield_round_color,shields,hand_left,existing_gltf,glb/equipment/shields/shield_round_color.gltf,animated_gltf/existing_gltf/shields/shield_round_color_animated.gltf,"Equip_24,BlockRaise_24,ShieldBash_24,LowerGuard_24,IdleGuard_24",24
shield_spikes,shields,hand_left,existing_gltf,glb/equipment/shields/shield_spikes.gltf,animated_gltf/existing_gltf/shields/shield_spikes_animated.gltf,"Equip_24,BlockRaise_24,ShieldBash_24,LowerGuard_24,IdleGuard_24",24
shield_spikes_color,shields,hand_left,existing_gltf,glb/equipment/shields/shield_spikes_color.gltf,animated_gltf/existing_gltf/shields/shield_spikes_color_animated.gltf,"Equip_24,BlockRaise_24,ShieldBash_24,LowerGuard_24,IdleGuard_24",24
shield_square,shields,hand_left,existing_gltf,glb/equipment/shields/shield_square.gltf,animated_gltf/existing_gltf/shields/shield_square_animated.gltf,"Equip_24,BlockRaise_24,ShieldBash_24,LowerGuard_24,IdleGuard_24",24
shield_square_color,shields,hand_left,existing_gltf,glb/equipment/shields/shield_square_color.gltf,animated_gltf/existing_gltf/shields/shield_square_color_animated.gltf,"Equip_24,BlockRaise_24,ShieldBash_24,LowerGuard_24,IdleGuard_24",24
arrow_bow,ranged,hand_right,existing_gltf,glb/equipment/ranged/arrow_bow.gltf,animated_gltf/existing_gltf/ranged/arrow_bow_animated.gltf,"Nock_24,ProjectileSpin_24,ImpactTwitch_24",24
arrow_bow_bundle,ranged,hand_right,existing_gltf,glb/equipment/ranged/arrow_bow_bundle.gltf,animated_gltf/existing_gltf/ranged/arrow_bow_bundle_animated.gltf,"Nock_24,ProjectileSpin_24,ImpactTwitch_24",24
arrow_crossbow,ranged,hand_right,existing_gltf,glb/equipment/ranged/arrow_crossbow.gltf,animated_gltf/existing_gltf/ranged/arrow_crossbow_animated.gltf,"Nock_24,ProjectileSpin_24,ImpactTwitch_24",24
arrow_crossbow_bundle,ranged,hand_right,existing_gltf,glb/equipment/ranged/arrow_crossbow_bundle.gltf,animated_gltf/existing_gltf/ranged/arrow_crossbow_bundle_animated.gltf,"Nock_24,ProjectileSpin_24,ImpactTwitch_24",24
bow,ranged,hand_right,existing_gltf,glb/equipment/ranged/bow.gltf,animated_gltf/existing_gltf/ranged/bow_animated.gltf,"Equip_24,AimDraw_24,Release_24,Reload_24,IdleAim_24",24
bow_withString,ranged,hand_right,existing_gltf,glb/equipment/ranged/bow_withString.gltf,animated_gltf/existing_gltf/ranged/bow_withString_animated.gltf,"Equip_24,AimDraw_24,Release_24,Reload_24,IdleAim_24",24
crossbow_1handed,ranged,hand_right,existing_gltf,glb/equipment/ranged/crossbow_1handed.gltf,animated_gltf/existing_gltf/ranged/crossbow_1handed_animated.gltf,"Equip_24,AimDraw_24,Release_24,Reload_24,IdleAim_24",24
crossbow_2handed,ranged,hand_right,existing_gltf,glb/equipment/ranged/crossbow_2handed.gltf,animated_gltf/existing_gltf/ranged/crossbow_2handed_animated.gltf,"Equip_24,AimDraw_24,Release_24,Reload_24,IdleAim_24",24
quiver,ranged,back,existing_gltf,glb/equipment/ranged/quiver.gltf,animated_gltf/existing_gltf/ranged/quiver_animated.gltf,"EquipBack_24,DrawArrow_24,IdleBack_24",24
smokebomb,magic,hand_right,existing_gltf,glb/equipment/magic/smokebomb.gltf,animated_gltf/existing_gltf/magic/smokebomb_animated.gltf,"Ready_24,Throw_24,Burst_24",24
spellbook_closed,magic,hand_right,existing_gltf,glb/equipment/magic/spellbook_closed.gltf,animated_gltf/existing_gltf/magic/spellbook_closed_animated.gltf,"OpenRead_24,Close_24,CastFromBook_24",24
spellbook_open,magic,hand_right,existing_gltf,glb/equipment/magic/spellbook_open.gltf,animated_gltf/existing_gltf/magic/spellbook_open_animated.gltf,"OpenRead_24,Close_24,CastFromBook_24",24
staff,magic,hand_right,existing_gltf,glb/equipment/magic/staff.gltf,animated_gltf/existing_gltf/magic/staff_animated.gltf,"Equip_24,Cast_24,Channel_24,Stow_24",24
wand,magic,hand_right,existing_gltf,glb/equipment/magic/wand.gltf,animated_gltf/existing_gltf/magic/wand_animated.gltf,"Equip_24,Cast_24,Channel_24,Stow_24",24
mug_empty,accessories,hand_right,existing_gltf,glb/equipment/items/mug_empty.gltf,animated_gltf/existing_gltf/items/mug_empty_animated.gltf,"Equip_24,Sip_24,Inspect_24,Stow_24",24
mug_full,accessories,hand_right,existing_gltf,glb/equipment/items/mug_full.gltf,animated_gltf/existing_gltf/items/mug_full_animated.gltf,"Equip_24,Sip_24,Inspect_24,Stow_24",24
Armor_Black,wearables,body,converted_obj,obj/equipment/rpg_items/quaternius_ultimate_rpg/Armor_Black.obj,animated_gltf/converted_obj/wearables/Armor_Black/Armor_Black_animated.gltf,"Equip_24,Use_24,Inspect_24,Stow_24",24
Armor_Golden,wearables,body,converted_obj,obj/equipment/rpg_items/quaternius_ultimate_rpg/Armor_Golden.obj,animated_gltf/converted_obj/wearables/Armor_Golden/Armor_Golden_animated.gltf,"Equip_24,Use_24,Inspect_24,Stow_24",24
Armor_Leather,wearables,body,converted_obj,obj/equipment/rpg_items/quaternius_ultimate_rpg/Armor_Leather.obj,animated_gltf/converted_obj/wearables/Armor_Leather/Armor_Leather_animated.gltf,"Equip_24,Use_24,Inspect_24,Stow_24",24
Armor_Metal,wearables,body,converted_obj,obj/equipment/rpg_items/quaternius_ultimate_rpg/Armor_Metal.obj,animated_gltf/converted_obj/wearables/Armor_Metal/Armor_Metal_animated.gltf,"Equip_24,Use_24,Inspect_24,Stow_24",24
Armor_Metal2,wearables,body,converted_obj,obj/equipment/rpg_items/quaternius_ultimate_rpg/Armor_Metal2.obj,animated_gltf/converted_obj/wearables/Armor_Metal2/Armor_Metal2_animated.gltf,"Equip_24,Use_24,Inspect_24,Stow_24",24
Arrow,ranged,hand_right,converted_obj,obj/equipment/rpg_items/quaternius_ultimate_rpg/Arrow.obj,animated_gltf/converted_obj/ranged/Arrow/Arrow_animated.gltf,"Nock_24,ProjectileSpin_24,ImpactTwitch_24",24
Arrow_Golden,ranged,hand_right,converted_obj,obj/equipment/rpg_items/quaternius_ultimate_rpg/Arrow_Golden.obj,animated_gltf/converted_obj/ranged/Arrow_Golden/Arrow_Golden_animated.gltf,"Nock_24,ProjectileSpin_24,ImpactTwitch_24",24
Axe_Double,weapons,hand_right,converted_obj,obj/equipment/rpg_items/quaternius_ultimate_rpg/Axe_Double.obj,animated_gltf/converted_obj/weapons/Axe_Double/Axe_Double_animated.gltf,"Draw_24,Sheathe_24,BasicSlash_24,HeavySlash_24,IdleDrawn_24",24
Axe_Double_Golden,weapons,hand_right,converted_obj,obj/equipment/rpg_items/quaternius_ultimate_rpg/Axe_Double_Golden.obj,animated_gltf/converted_obj/weapons/Axe_Double_Golden/Axe_Double_Golden_animated.gltf,"Draw_24,Sheathe_24,BasicSlash_24,HeavySlash_24,IdleDrawn_24",24
Axe_small,weapons,hand_right,converted_obj,obj/equipment/rpg_items/quaternius_ultimate_rpg/Axe_small.obj,animated_gltf/converted_obj/weapons/Axe_small/Axe_small_animated.gltf,"Draw_24,Sheathe_24,BasicSlash_24,HeavySlash_24,IdleDrawn_24",24
Axe_small_Golden,weapons,hand_right,converted_obj,obj/equipment/rpg_items/quaternius_ultimate_rpg/Axe_small_Golden.obj,animated_gltf/converted_obj/weapons/Axe_small_Golden/Axe_small_Golden_animated.gltf,"Draw_24,Sheathe_24,BasicSlash_24,HeavySlash_24,IdleDrawn_24",24
Backpack,accessories,hand_right,converted_obj,obj/equipment/rpg_items/quaternius_ultimate_rpg/Backpack.obj,animated_gltf/converted_obj/accessories/Backpack/Backpack_animated.gltf,"Equip_24,Use_24,Inspect_24,Stow_24",24
Bag,accessories,hand_right,converted_obj,obj/equipment/rpg_items/quaternius_ultimate_rpg/Bag.obj,animated_gltf/converted_obj/accessories/Bag/Bag_animated.gltf,"Equip_24,Use_24,Inspect_24,Stow_24",24
Bone,accessories,hand_right,converted_obj,obj/equipment/rpg_items/quaternius_ultimate_rpg/Bone.obj,animated_gltf/converted_obj/accessories/Bone/Bone_animated.gltf,"Equip_24,Use_24,Inspect_24,Stow_24",24
Book1_Closed,magic,hand_right,converted_obj,obj/equipment/rpg_items/quaternius_ultimate_rpg/Book1_Closed.obj,animated_gltf/converted_obj/magic/Book1_Closed/Book1_Closed_animated.gltf,"OpenRead_24,Close_24,CastFromBook_24",24
Book1_Open,magic,hand_right,converted_obj,obj/equipment/rpg_items/quaternius_ultimate_rpg/Book1_Open.obj,animated_gltf/converted_obj/magic/Book1_Open/Book1_Open_animated.gltf,"OpenRead_24,Close_24,CastFromBook_24",24
Book2_Closed,magic,hand_right,converted_obj,obj/equipment/rpg_items/quaternius_ultimate_rpg/Book2_Closed.obj,animated_gltf/converted_obj/magic/Book2_Closed/Book2_Closed_animated.gltf,"OpenRead_24,Close_24,CastFromBook_24",24
Book2_Open,magic,hand_right,converted_obj,obj/equipment/rpg_items/quaternius_ultimate_rpg/Book2_Open.obj,animated_gltf/converted_obj/magic/Book2_Open/Book2_Open_animated.gltf,"OpenRead_24,Close_24,CastFromBook_24",24
Book3_Closed,magic,hand_right,converted_obj,obj/equipment/rpg_items/quaternius_ultimate_rpg/Book3_Closed.obj,animated_gltf/converted_obj/magic/Book3_Closed/Book3_Closed_animated.gltf,"OpenRead_24,Close_24,CastFromBook_24",24
Book3_Open,magic,hand_right,converted_obj,obj/equipment/rpg_items/quaternius_ultimate_rpg/Book3_Open.obj,animated_gltf/converted_obj/magic/Book3_Open/Book3_Open_animated.gltf,"OpenRead_24,Close_24,CastFromBook_24",24
Book4_Closed,magic,hand_right,converted_obj,obj/equipment/rpg_items/quaternius_ultimate_rpg/Book4_Closed.obj,animated_gltf/converted_obj/magic/Book4_Closed/Book4_Closed_animated.gltf,"OpenRead_24,Close_24,CastFromBook_24",24
Book4_Open,magic,hand_right,converted_obj,obj/equipment/rpg_items/quaternius_ultimate_rpg/Book4_Open.obj,animated_gltf/converted_obj/magic/Book4_Open/Book4_Open_animated.gltf,"OpenRead_24,Close_24,CastFromBook_24",24
Bow_Golden,ranged,hand_right,converted_obj,obj/equipment/rpg_items/quaternius_ultimate_rpg/Bow_Golden.obj,animated_gltf/converted_obj/ranged/Bow_Golden/Bow_Golden_animated.gltf,"Equip_24,AimDraw_24,Release_24,Reload_24,IdleAim_24",24
Bow_Wooden,ranged,hand_right,converted_obj,obj/equipment/rpg_items/quaternius_ultimate_rpg/Bow_Wooden.obj,animated_gltf/converted_obj/ranged/Bow_Wooden/Bow_Wooden_animated.gltf,"Equip_24,AimDraw_24,Release_24,Reload_24,IdleAim_24",24
Chalice,accessories,hand_right,converted_obj,obj/equipment/rpg_items/quaternius_ultimate_rpg/Chalice.obj,animated_gltf/converted_obj/accessories/Chalice/Chalice_animated.gltf,"Equip_24,Sip_24,Inspect_24,Stow_24",24
ChickenLeg,accessories,hand_right,converted_obj,obj/equipment/rpg_items/quaternius_ultimate_rpg/ChickenLeg.obj,animated_gltf/converted_obj/accessories/ChickenLeg/ChickenLeg_animated.gltf,"Equip_24,Use_24,Inspect_24,Stow_24",24
Coin,accessories,hand_right,converted_obj,obj/equipment/rpg_items/quaternius_ultimate_rpg/Coin.obj,animated_gltf/converted_obj/accessories/Coin/Coin_animated.gltf,"Equip_24,Use_24,Inspect_24,Stow_24",24
Coin_Skull,accessories,hand_right,converted_obj,obj/equipment/rpg_items/quaternius_ultimate_rpg/Coin_Skull.obj,animated_gltf/converted_obj/accessories/Coin_Skull/Coin_Skull_animated.gltf,"Equip_24,Use_24,Inspect_24,Stow_24",24
Coin_Star,magic,hand_right,converted_obj,obj/equipment/rpg_items/quaternius_ultimate_rpg/Coin_Star.obj,animated_gltf/converted_obj/magic/Coin_Star/Coin_Star_animated.gltf,"Equip_24,Cast_24,Channel_24,Stow_24",24
Crown,accessories,hand_right,converted_obj,obj/equipment/rpg_items/quaternius_ultimate_rpg/Crown.obj,animated_gltf/converted_obj/accessories/Crown/Crown_animated.gltf,"Equip_24,Use_24,Inspect_24,Stow_24",24
Crown2,accessories,hand_right,converted_obj,obj/equipment/rpg_items/quaternius_ultimate_rpg/Crown2.obj,animated_gltf/converted_obj/accessories/Crown2/Crown2_animated.gltf,"Equip_24,Use_24,Inspect_24,Stow_24",24
Crystal1,magic,hand_right,converted_obj,obj/equipment/rpg_items/quaternius_ultimate_rpg/Crystal1.obj,animated_gltf/converted_obj/magic/Crystal1/Crystal1_animated.gltf,"Equip_24,Cast_24,Channel_24,Stow_24",24
Crystal1_Damaged,magic,hand_right,converted_obj,obj/equipment/rpg_items/quaternius_ultimate_rpg/Crystal1_Damaged.obj,animated_gltf/converted_obj/magic/Crystal1_Damaged/Crystal1_Damaged_animated.gltf,"Equip_24,Cast_24,Channel_24,Stow_24",24
Crystal2,magic,hand_right,converted_obj,obj/equipment/rpg_items/quaternius_ultimate_rpg/Crystal2.obj,animated_gltf/converted_obj/magic/Crystal2/Crystal2_animated.gltf,"Equip_24,Cast_24,Channel_24,Stow_24",24
Crystal2_Damaged,magic,hand_right,converted_obj,obj/equipment/rpg_items/quaternius_ultimate_rpg/Crystal2_Damaged.obj,animated_gltf/converted_obj/magic/Crystal2_Damaged/Crystal2_Damaged_animated.gltf,"Equip_24,Cast_24,Channel_24,Stow_24",24
Crystal3,magic,hand_right,converted_obj,obj/equipment/rpg_items/quaternius_ultimate_rpg/Crystal3.obj,animated_gltf/converted_obj/magic/Crystal3/Crystal3_animated.gltf,"Equip_24,Cast_24,Channel_24,Stow_24",24
Crystal3_Damaged,magic,hand_right,converted_obj,obj/equipment/rpg_items/quaternius_ultimate_rpg/Crystal3_Damaged.obj,animated_gltf/converted_obj/magic/Crystal3_Damaged/Crystal3_Damaged_animated.gltf,"Equip_24,Cast_24,Channel_24,Stow_24",24
Crystal4,magic,hand_right,converted_obj,obj/equipment/rpg_items/quaternius_ultimate_rpg/Crystal4.obj,animated_gltf/converted_obj/magic/Crystal4/Crystal4_animated.gltf,"Equip_24,Cast_24,Channel_24,Stow_24",24
Crystal5,magic,hand_right,converted_obj,obj/equipment/rpg_items/quaternius_ultimate_rpg/Crystal5.obj,animated_gltf/converted_obj/magic/Crystal5/Crystal5_animated.gltf,"Equip_24,Cast_24,Channel_24,Stow_24",24
Crystal5_Damaged,magic,hand_right,converted_obj,obj/equipment/rpg_items/quaternius_ultimate_rpg/Crystal5_Damaged.obj,animated_gltf/converted_obj/magic/Crystal5_Damaged/Crystal5_Damaged_animated.gltf,"Equip_24,Cast_24,Channel_24,Stow_24",24
Dagger,weapons,hand_right,converted_obj,obj/equipment/rpg_items/quaternius_ultimate_rpg/Dagger.obj,animated_gltf/converted_obj/weapons/Dagger/Dagger_animated.gltf,"Draw_24,Sheathe_24,BasicSlash_24,HeavySlash_24,IdleDrawn_24",24
Dagger_Golden,weapons,hand_right,converted_obj,obj/equipment/rpg_items/quaternius_ultimate_rpg/Dagger_Golden.obj,animated_gltf/converted_obj/weapons/Dagger_Golden/Dagger_Golden_animated.gltf,"Draw_24,Sheathe_24,BasicSlash_24,HeavySlash_24,IdleDrawn_24",24
Dart,ranged,hand_right,converted_obj,obj/equipment/rpg_items/quaternius_ultimate_rpg/Dart.obj,animated_gltf/converted_obj/ranged/Dart/Dart_animated.gltf,"Nock_24,ProjectileSpin_24,ImpactTwitch_24",24
Dart_Golden,ranged,hand_right,converted_obj,obj/equipment/rpg_items/quaternius_ultimate_rpg/Dart_Golden.obj,animated_gltf/converted_obj/ranged/Dart_Golden/Dart_Golden_animated.gltf,"Nock_24,ProjectileSpin_24,ImpactTwitch_24",24
FishBone,accessories,hand_right,converted_obj,obj/equipment/rpg_items/quaternius_ultimate_rpg/FishBone.obj,animated_gltf/converted_obj/accessories/FishBone/FishBone_animated.gltf,"Equip_24,Use_24,Inspect_24,Stow_24",24
Glove,accessories,hand_right,converted_obj,obj/equipment/rpg_items/quaternius_ultimate_rpg/Glove.obj,animated_gltf/converted_obj/accessories/Glove/Glove_animated.gltf,"Equip_24,Use_24,Inspect_24,Stow_24",24
Gold_Ingots,accessories,hand_right,converted_obj,obj/equipment/rpg_items/quaternius_ultimate_rpg/Gold_Ingots.obj,animated_gltf/converted_obj/accessories/Gold_Ingots/Gold_Ingots_animated.gltf,"Equip_24,Use_24,Inspect_24,Stow_24",24
Hammer_Double,weapons,hand_right,converted_obj,obj/equipment/rpg_items/quaternius_ultimate_rpg/Hammer_Double.obj,animated_gltf/converted_obj/weapons/Hammer_Double/Hammer_Double_animated.gltf,"Draw_24,Sheathe_24,BasicSlash_24,HeavySlash_24,IdleDrawn_24",24
Hammer_Double_Golden,weapons,hand_right,converted_obj,obj/equipment/rpg_items/quaternius_ultimate_rpg/Hammer_Double_Golden.obj,animated_gltf/converted_obj/weapons/Hammer_Double_Golden/Hammer_Double_Golden_animated.gltf,"Draw_24,Sheathe_24,BasicSlash_24,HeavySlash_24,IdleDrawn_24",24
Heart,accessories,hand_right,converted_obj,obj/equipment/rpg_items/quaternius_ultimate_rpg/Heart.obj,animated_gltf/converted_obj/accessories/Heart/Heart_animated.gltf,"Equip_24,Use_24,Inspect_24,Stow_24",24
Heart_Broken,accessories,hand_right,converted_obj,obj/equipment/rpg_items/quaternius_ultimate_rpg/Heart_Broken.obj,animated_gltf/converted_obj/accessories/Heart_Broken/Heart_Broken_animated.gltf,"Equip_24,Use_24,Inspect_24,Stow_24",24
Heart_Half,accessories,hand_right,converted_obj,obj/equipment/rpg_items/quaternius_ultimate_rpg/Heart_Half.obj,animated_gltf/converted_obj/accessories/Heart_Half/Heart_Half_animated.gltf,"Equip_24,Use_24,Inspect_24,Stow_24",24
Key1,accessories,hand_right,converted_obj,obj/equipment/rpg_items/quaternius_ultimate_rpg/Key1.obj,animated_gltf/converted_obj/accessories/Key1/Key1_animated.gltf,"Equip_24,Unlock_24,Inspect_24,Stow_24",24
Key2,accessories,hand_right,converted_obj,obj/equipment/rpg_items/quaternius_ultimate_rpg/Key2.obj,animated_gltf/converted_obj/accessories/Key2/Key2_animated.gltf,"Equip_24,Unlock_24,Inspect_24,Stow_24",24
Key3,accessories,hand_right,converted_obj,obj/equipment/rpg_items/quaternius_ultimate_rpg/Key3.obj,animated_gltf/converted_obj/accessories/Key3/Key3_animated.gltf,"Equip_24,Unlock_24,Inspect_24,Stow_24",24
Key4,accessories,hand_right,converted_obj,obj/equipment/rpg_items/quaternius_ultimate_rpg/Key4.obj,animated_gltf/converted_obj/accessories/Key4/Key4_animated.gltf,"Equip_24,Unlock_24,Inspect_24,Stow_24",24
Mineral,accessories,hand_right,converted_obj,obj/equipment/rpg_items/quaternius_ultimate_rpg/Mineral.obj,animated_gltf/converted_obj/accessories/Mineral/Mineral_animated.gltf,"Equip_24,Use_24,Inspect_24,Stow_24",24
Necklace1,accessories,hand_right,converted_obj,obj/equipment/rpg_items/quaternius_ultimate_rpg/Necklace1.obj,animated_gltf/converted_obj/accessories/Necklace1/Necklace1_animated.gltf,"Equip_24,Use_24,Inspect_24,Stow_24",24
Necklace2,accessories,hand_right,converted_obj,obj/equipment/rpg_items/quaternius_ultimate_rpg/Necklace2.obj,animated_gltf/converted_obj/accessories/Necklace2/Necklace2_animated.gltf,"Equip_24,Use_24,Inspect_24,Stow_24",24
Necklace3,accessories,hand_right,converted_obj,obj/equipment/rpg_items/quaternius_ultimate_rpg/Necklace3.obj,animated_gltf/converted_obj/accessories/Necklace3/Necklace3_animated.gltf,"Equip_24,Use_24,Inspect_24,Stow_24",24
Padlock,accessories,hand_right,converted_obj,obj/equipment/rpg_items/quaternius_ultimate_rpg/Padlock.obj,animated_gltf/converted_obj/accessories/Padlock/Padlock_animated.gltf,"Equip_24,Unlock_24,Inspect_24,Stow_24",24
Parchment,accessories,hand_right,converted_obj,obj/equipment/rpg_items/quaternius_ultimate_rpg/Parchment.obj,animated_gltf/converted_obj/accessories/Parchment/Parchment_animated.gltf,"Equip_24,Read_24,Inspect_24,Stow_24",24
Potion10_Empty,accessories,hand_right,converted_obj,obj/equipment/rpg_items/quaternius_ultimate_rpg/Potion10_Empty.obj,animated_gltf/converted_obj/accessories/Potion10_Empty/Potion10_Empty_animated.gltf,"Equip_24,Drink_24,Inspect_24,Stow_24",24
Potion10_Filled,accessories,hand_right,converted_obj,obj/equipment/rpg_items/quaternius_ultimate_rpg/Potion10_Filled.obj,animated_gltf/converted_obj/accessories/Potion10_Filled/Potion10_Filled_animated.gltf,"Equip_24,Drink_24,Inspect_24,Stow_24",24
Potion11_Empty,accessories,hand_right,converted_obj,obj/equipment/rpg_items/quaternius_ultimate_rpg/Potion11_Empty.obj,animated_gltf/converted_obj/accessories/Potion11_Empty/Potion11_Empty_animated.gltf,"Equip_24,Drink_24,Inspect_24,Stow_24",24
Potion11_Filled,accessories,hand_right,converted_obj,obj/equipment/rpg_items/quaternius_ultimate_rpg/Potion11_Filled.obj,animated_gltf/converted_obj/accessories/Potion11_Filled/Potion11_Filled_animated.gltf,"Equip_24,Drink_24,Inspect_24,Stow_24",24
Potion1_Empty,accessories,hand_right,converted_obj,obj/equipment/rpg_items/quaternius_ultimate_rpg/Potion1_Empty.obj,animated_gltf/converted_obj/accessories/Potion1_Empty/Potion1_Empty_animated.gltf,"Equip_24,Drink_24,Inspect_24,Stow_24",24
Potion1_Filled,accessories,hand_right,converted_obj,obj/equipment/rpg_items/quaternius_ultimate_rpg/Potion1_Filled.obj,animated_gltf/converted_obj/accessories/Potion1_Filled/Potion1_Filled_animated.gltf,"Equip_24,Drink_24,Inspect_24,Stow_24",24
Potion2_Empty,accessories,hand_right,converted_obj,obj/equipment/rpg_items/quaternius_ultimate_rpg/Potion2_Empty.obj,animated_gltf/converted_obj/accessories/Potion2_Empty/Potion2_Empty_animated.gltf,"Equip_24,Drink_24,Inspect_24,Stow_24",24
Potion2_Filled,accessories,hand_right,converted_obj,obj/equipment/rpg_items/quaternius_ultimate_rpg/Potion2_Filled.obj,animated_gltf/converted_obj/accessories/Potion2_Filled/Potion2_Filled_animated.gltf,"Equip_24,Drink_24,Inspect_24,Stow_24",24
Potion3_Empty,accessories,hand_right,converted_obj,obj/equipment/rpg_items/quaternius_ultimate_rpg/Potion3_Empty.obj,animated_gltf/converted_obj/accessories/Potion3_Empty/Potion3_Empty_animated.gltf,"Equip_24,Drink_24,Inspect_24,Stow_24",24
Potion3_Filled,accessories,hand_right,converted_obj,obj/equipment/rpg_items/quaternius_ultimate_rpg/Potion3_Filled.obj,animated_gltf/converted_obj/accessories/Potion3_Filled/Potion3_Filled_animated.gltf,"Equip_24,Drink_24,Inspect_24,Stow_24",24
Potion4_Empty,accessories,hand_right,converted_obj,obj/equipment/rpg_items/quaternius_ultimate_rpg/Potion4_Empty.obj,animated_gltf/converted_obj/accessories/Potion4_Empty/Potion4_Empty_animated.gltf,"Equip_24,Drink_24,Inspect_24,Stow_24",24
Potion4_Filled,accessories,hand_right,converted_obj,obj/equipment/rpg_items/quaternius_ultimate_rpg/Potion4_Filled.obj,animated_gltf/converted_obj/accessories/Potion4_Filled/Potion4_Filled_animated.gltf,"Equip_24,Drink_24,Inspect_24,Stow_24",24
Potion5_Empty,accessories,hand_right,converted_obj,obj/equipment/rpg_items/quaternius_ultimate_rpg/Potion5_Empty.obj,animated_gltf/converted_obj/accessories/Potion5_Empty/Potion5_Empty_animated.gltf,"Equip_24,Drink_24,Inspect_24,Stow_24",24
Potion5_Filled,accessories,hand_right,converted_obj,obj/equipment/rpg_items/quaternius_ultimate_rpg/Potion5_Filled.obj,animated_gltf/converted_obj/accessories/Potion5_Filled/Potion5_Filled_animated.gltf,"Equip_24,Drink_24,Inspect_24,Stow_24",24
Potion6_Empty,accessories,hand_right,converted_obj,obj/equipment/rpg_items/quaternius_ultimate_rpg/Potion6_Empty.obj,animated_gltf/converted_obj/accessories/Potion6_Empty/Potion6_Empty_animated.gltf,"Equip_24,Drink_24,Inspect_24,Stow_24",24
Potion6_Filled,accessories,hand_right,converted_obj,obj/equipment/rpg_items/quaternius_ultimate_rpg/Potion6_Filled.obj,animated_gltf/converted_obj/accessories/Potion6_Filled/Potion6_Filled_animated.gltf,"Equip_24,Drink_24,Inspect_24,Stow_24",24
Potion7_Empty,accessories,hand_right,converted_obj,obj/equipment/rpg_items/quaternius_ultimate_rpg/Potion7_Empty.obj,animated_gltf/converted_obj/accessories/Potion7_Empty/Potion7_Empty_animated.gltf,"Equip_24,Drink_24,Inspect_24,Stow_24",24
Potion7_Filled,accessories,hand_right,converted_obj,obj/equipment/rpg_items/quaternius_ultimate_rpg/Potion7_Filled.obj,animated_gltf/converted_obj/accessories/Potion7_Filled/Potion7_Filled_animated.gltf,"Equip_24,Drink_24,Inspect_24,Stow_24",24
Potion8_Empty,accessories,hand_right,converted_obj,obj/equipment/rpg_items/quaternius_ultimate_rpg/Potion8_Empty.obj,animated_gltf/converted_obj/accessories/Potion8_Empty/Potion8_Empty_animated.gltf,"Equip_24,Drink_24,Inspect_24,Stow_24",24
Potion8_Filled,accessories,hand_right,converted_obj,obj/equipment/rpg_items/quaternius_ultimate_rpg/Potion8_Filled.obj,animated_gltf/converted_obj/accessories/Potion8_Filled/Potion8_Filled_animated.gltf,"Equip_24,Drink_24,Inspect_24,Stow_24",24
Potion9_Empty,accessories,hand_right,converted_obj,obj/equipment/rpg_items/quaternius_ultimate_rpg/Potion9_Empty.obj,animated_gltf/converted_obj/accessories/Potion9_Empty/Potion9_Empty_animated.gltf,"Equip_24,Drink_24,Inspect_24,Stow_24",24
Potion9_Filled,accessories,hand_right,converted_obj,obj/equipment/rpg_items/quaternius_ultimate_rpg/Potion9_Filled.obj,animated_gltf/converted_obj/accessories/Potion9_Filled/Potion9_Filled_animated.gltf,"Equip_24,Drink_24,Inspect_24,Stow_24",24
Pouch,accessories,hand_right,converted_obj,obj/equipment/rpg_items/quaternius_ultimate_rpg/Pouch.obj,animated_gltf/converted_obj/accessories/Pouch/Pouch_animated.gltf,"Equip_24,Use_24,Inspect_24,Stow_24",24
Ring1,accessories,hand_right,converted_obj,obj/equipment/rpg_items/quaternius_ultimate_rpg/Ring1.obj,animated_gltf/converted_obj/accessories/Ring1/Ring1_animated.gltf,"Equip_24,Use_24,Inspect_24,Stow_24",24
Ring2,accessories,hand_right,converted_obj,obj/equipment/rpg_items/quaternius_ultimate_rpg/Ring2.obj,animated_gltf/converted_obj/accessories/Ring2/Ring2_animated.gltf,"Equip_24,Use_24,Inspect_24,Stow_24",24
Ring3,accessories,hand_right,converted_obj,obj/equipment/rpg_items/quaternius_ultimate_rpg/Ring3.obj,animated_gltf/converted_obj/accessories/Ring3/Ring3_animated.gltf,"Equip_24,Use_24,Inspect_24,Stow_24",24
Ring4,accessories,hand_right,converted_obj,obj/equipment/rpg_items/quaternius_ultimate_rpg/Ring4.obj,animated_gltf/converted_obj/accessories/Ring4/Ring4_animated.gltf,"Equip_24,Use_24,Inspect_24,Stow_24",24
Ring5,accessories,hand_right,converted_obj,obj/equipment/rpg_items/quaternius_ultimate_rpg/Ring5.obj,animated_gltf/converted_obj/accessories/Ring5/Ring5_animated.gltf,"Equip_24,Use_24,Inspect_24,Stow_24",24
Ring6,accessories,hand_right,converted_obj,obj/equipment/rpg_items/quaternius_ultimate_rpg/Ring6.obj,animated_gltf/converted_obj/accessories/Ring6/Ring6_animated.gltf,"Equip_24,Use_24,Inspect_24,Stow_24",24
Ring7,accessories,hand_right,converted_obj,obj/equipment/rpg_items/quaternius_ultimate_rpg/Ring7.obj,animated_gltf/converted_obj/accessories/Ring7/Ring7_animated.gltf,"Equip_24,Use_24,Inspect_24,Stow_24",24
Scroll,magic,hand_right,converted_obj,obj/equipment/rpg_items/quaternius_ultimate_rpg/Scroll.obj,animated_gltf/converted_obj/magic/Scroll/Scroll_animated.gltf,"OpenRead_24,Close_24,CastFromBook_24",24
Skull,accessories,hand_right,converted_obj,obj/equipment/rpg_items/quaternius_ultimate_rpg/Skull.obj,animated_gltf/converted_obj/accessories/Skull/Skull_animated.gltf,"Equip_24,Use_24,Inspect_24,Stow_24",24
Skull2,accessories,hand_right,converted_obj,obj/equipment/rpg_items/quaternius_ultimate_rpg/Skull2.obj,animated_gltf/converted_obj/accessories/Skull2/Skull2_animated.gltf,"Equip_24,Use_24,Inspect_24,Stow_24",24
Snowflake1,magic,hand_right,converted_obj,obj/equipment/rpg_items/quaternius_ultimate_rpg/Snowflake1.obj,animated_gltf/converted_obj/magic/Snowflake1/Snowflake1_animated.gltf,"Equip_24,Cast_24,Channel_24,Stow_24",24
Snowflake2,magic,hand_right,converted_obj,obj/equipment/rpg_items/quaternius_ultimate_rpg/Snowflake2.obj,animated_gltf/converted_obj/magic/Snowflake2/Snowflake2_animated.gltf,"Equip_24,Cast_24,Channel_24,Stow_24",24
Snowflake3,magic,hand_right,converted_obj,obj/equipment/rpg_items/quaternius_ultimate_rpg/Snowflake3.obj,animated_gltf/converted_obj/magic/Snowflake3/Snowflake3_animated.gltf,"Equip_24,Cast_24,Channel_24,Stow_24",24
Star,magic,hand_right,converted_obj,obj/equipment/rpg_items/quaternius_ultimate_rpg/Star.obj,animated_gltf/converted_obj/magic/Star/Star_animated.gltf,"Equip_24,Cast_24,Channel_24,Stow_24",24
Sword,weapons,hand_right,converted_obj,obj/equipment/rpg_items/quaternius_ultimate_rpg/Sword.obj,animated_gltf/converted_obj/weapons/Sword/Sword_animated.gltf,"Draw_24,Sheathe_24,BasicSlash_24,HeavySlash_24,IdleDrawn_24",24
Sword_Golden,weapons,hand_right,converted_obj,obj/equipment/rpg_items/quaternius_ultimate_rpg/Sword_Golden.obj,animated_gltf/converted_obj/weapons/Sword_Golden/Sword_Golden_animated.gltf,"Draw_24,Sheathe_24,BasicSlash_24,HeavySlash_24,IdleDrawn_24",24
Sword_big,weapons,hand_right,converted_obj,obj/equipment/rpg_items/quaternius_ultimate_rpg/Sword_big.obj,animated_gltf/converted_obj/weapons/Sword_big/Sword_big_animated.gltf,"Draw_24,Sheathe_24,BasicSlash_24,HeavySlash_24,IdleDrawn_24",24
Sword_big_Golden,weapons,hand_right,converted_obj,obj/equipment/rpg_items/quaternius_ultimate_rpg/Sword_big_Golden.obj,animated_gltf/converted_obj/weapons/Sword_big_Golden/Sword_big_Golden_animated.gltf,"Draw_24,Sheathe_24,BasicSlash_24,HeavySlash_24,IdleDrawn_24",24
