id,group,actionType,slot,sourceKind,sourcePath,outputGltf,animations,frameCount,fps,sourceLabel
Pickaxe_Bronze,tools,tool,hand_right,existing_gltf,gltf/quaternius/fantasy_props/Pickaxe_Bronze.gltf,animated_gltf/tools/Pickaxe_Bronze/Pickaxe_Bronze_animated.gltf,Equip_24;Use_24;HeavyUse_24;IdleHeld_24;Stow_24,24,24,curated tools
Axe_Bronze,tools,tool,hand_right,existing_gltf,gltf/quaternius/fantasy_props/Axe_Bronze.gltf,animated_gltf/tools/Axe_Bronze/Axe_Bronze_animated.gltf,Equip_24;Use_24;HeavyUse_24;IdleHeld_24;Stow_24,24,24,curated tools
Torch_Metal,tools,tool,hand_right,existing_gltf,gltf/quaternius/fantasy_props/Torch_Metal.gltf,animated_gltf/tools/Torch_Metal/Torch_Metal_animated.gltf,Equip_24;Use_24;HeavyUse_24;IdleHeld_24;Stow_24,24,24,curated tools
Lantern_Wall,tools,tool,hand_right,existing_gltf,gltf/quaternius/fantasy_props/Lantern_Wall.gltf,animated_gltf/tools/Lantern_Wall/Lantern_Wall_animated.gltf,Equip_24;Use_24;HeavyUse_24;IdleHeld_24;Stow_24,24,24,curated tools
Bucket_Metal,tools,tool,hand_right,existing_gltf,gltf/quaternius/fantasy_props/Bucket_Metal.gltf,animated_gltf/tools/Bucket_Metal/Bucket_Metal_animated.gltf,Equip_24;Use_24;HeavyUse_24;IdleHeld_24;Stow_24,24,24,curated tools
Bucket_Wooden_1,tools,tool,hand_right,existing_gltf,gltf/quaternius/fantasy_props/Bucket_Wooden_1.gltf,animated_gltf/tools/Bucket_Wooden_1/Bucket_Wooden_1_animated.gltf,Equip_24;Use_24;HeavyUse_24;IdleHeld_24;Stow_24,24,24,curated tools
church-72-shovel,tools,tool,hand_right,converted_obj,obj/church_cemetery/church-72-shovel.obj,animated_gltf/tools/church-72-shovel/church-72-shovel_animated.gltf,Equip_24;Use_24;HeavyUse_24;IdleHeld_24;Stow_24,24,24,curated tools
SM-10-Spade,tools,tool,hand_right,converted_obj,obj/environment/graveyard/voxel_graveyard/SM-10-Spade.obj,animated_gltf/tools/SM-10-Spade/SM-10-Spade_animated.gltf,Equip_24;Use_24;HeavyUse_24;IdleHeld_24;Stow_24,24,24,curated tools
pickaxe,tools,tool,hand_right,converted_obj,obj/environment/mines/kyrises_voxel_mines/pickaxe/pickaxe.obj,animated_gltf/tools/pickaxe/pickaxe_animated.gltf,Equip_24;Use_24;HeavyUse_24;IdleHeld_24;Stow_24,24,24,curated tools
lantern,tools,tool,hand_right,converted_obj,obj/environment/mines/kyrises_voxel_mines/lantern/lantern.obj,animated_gltf/tools/lantern/lantern_animated.gltf,Equip_24;Use_24;HeavyUse_24;IdleHeld_24;Stow_24,24,24,curated tools
tavern-75-torch,tools,tool,hand_right,converted_obj,obj/tavern/tavern-75-torch.obj,animated_gltf/tools/tavern-75-torch/tavern-75-torch_animated.gltf,Equip_24;Use_24;HeavyUse_24;IdleHeld_24;Stow_24,24,24,curated tools
lantern_props_town,tools,tool,hand_right,converted_glb,glb/props/town/lantern.glb,animated_gltf/tools/lantern_props_town/lantern_props_town_animated.gltf,Equip_24;Use_24;HeavyUse_24;IdleHeld_24;Stow_24,24,24,curated tools
torch,tools,tool,hand_right,converted_glb,glb/props/dungeon/torch.gltf.glb,animated_gltf/tools/torch/torch_animated.gltf,Equip_24;Use_24;HeavyUse_24;IdleHeld_24;Stow_24,24,24,curated tools
torch_lit,tools,tool,hand_right,converted_glb,glb/props/dungeon/torch_lit.gltf.glb,animated_gltf/tools/torch_lit/torch_lit_animated.gltf,Equip_24;Use_24;HeavyUse_24;IdleHeld_24;Stow_24,24,24,curated tools
pickaxe_mines_kyrises_voxel_mines,tools,tool,hand_right,converted_glb,glb/environment/mines/kyrises_voxel_mines/pickaxe.glb,animated_gltf/tools/pickaxe_mines_kyrises_voxel_mines/pickaxe_mines_kyrises_voxel_mines_animated.gltf,Equip_24;Use_24;HeavyUse_24;IdleHeld_24;Stow_24,24,24,curated tools
lantern_mines_kyrises_voxel_mines,tools,tool,hand_right,converted_glb,glb/environment/mines/kyrises_voxel_mines/lantern.glb,animated_gltf/tools/lantern_mines_kyrises_voxel_mines/lantern_mines_kyrises_voxel_mines_animated.gltf,Equip_24;Use_24;HeavyUse_24;IdleHeld_24;Stow_24,24,24,curated tools
Bag,interactives,door_or_container,world,existing_gltf,gltf/quaternius/fantasy_props/Bag.gltf,animated_gltf/interactives/Bag/Bag_animated.gltf,Open_24;Close_24;LockedJiggle_24;Break_24;LootedIdle_24,24,24,interactive filename match
Barrel,interactives,door_or_container,world,existing_gltf,gltf/quaternius/fantasy_props/Barrel.gltf,animated_gltf/interactives/Barrel/Barrel_animated.gltf,Open_24;Close_24;LockedJiggle_24;Break_24;LootedIdle_24,24,24,interactive filename match
Barrel_Apples,interactives,door_or_container,world,existing_gltf,gltf/quaternius/fantasy_props/Barrel_Apples.gltf,animated_gltf/interactives/Barrel_Apples/Barrel_Apples_animated.gltf,Open_24;Close_24;LockedJiggle_24;Break_24;LootedIdle_24,24,24,interactive filename match
Barrel_Holder,interactives,door_or_container,world,existing_gltf,gltf/quaternius/fantasy_props/Barrel_Holder.gltf,animated_gltf/interactives/Barrel_Holder/Barrel_Holder_animated.gltf,Open_24;Close_24;LockedJiggle_24;Break_24;LootedIdle_24,24,24,interactive filename match
Cabinet,interactives,door_or_container,world,existing_gltf,gltf/quaternius/fantasy_props/Cabinet.gltf,animated_gltf/interactives/Cabinet/Cabinet_animated.gltf,Open_24;Close_24;LockedJiggle_24;Break_24;LootedIdle_24,24,24,interactive filename match
Chest_Wood,interactives,door_or_container,world,existing_gltf,gltf/quaternius/fantasy_props/Chest_Wood.gltf,animated_gltf/interactives/Chest_Wood/Chest_Wood_animated.gltf,Open_24;Close_24;LockedJiggle_24;Break_24;LootedIdle_24,24,24,interactive filename match
Crate_Metal,interactives,door_or_container,world,existing_gltf,gltf/quaternius/fantasy_props/Crate_Metal.gltf,animated_gltf/interactives/Crate_Metal/Crate_Metal_animated.gltf,Open_24;Close_24;LockedJiggle_24;Break_24;LootedIdle_24,24,24,interactive filename match
Crate_Wooden,interactives,door_or_container,world,existing_gltf,gltf/quaternius/fantasy_props/Crate_Wooden.gltf,animated_gltf/interactives/Crate_Wooden/Crate_Wooden_animated.gltf,Open_24;Close_24;LockedJiggle_24;Break_24;LootedIdle_24,24,24,interactive filename match
FarmCrate_Apple,interactives,door_or_container,world,existing_gltf,gltf/quaternius/fantasy_props/FarmCrate_Apple.gltf,animated_gltf/interactives/FarmCrate_Apple/FarmCrate_Apple_animated.gltf,Open_24;Close_24;LockedJiggle_24;Break_24;LootedIdle_24,24,24,interactive filename match
FarmCrate_Carrot,interactives,door_or_container,world,existing_gltf,gltf/quaternius/fantasy_props/FarmCrate_Carrot.gltf,animated_gltf/interactives/FarmCrate_Carrot/FarmCrate_Carrot_animated.gltf,Open_24;Close_24;LockedJiggle_24;Break_24;LootedIdle_24,24,24,interactive filename match
FarmCrate_Empty,interactives,door_or_container,world,existing_gltf,gltf/quaternius/fantasy_props/FarmCrate_Empty.gltf,animated_gltf/interactives/FarmCrate_Empty/FarmCrate_Empty_animated.gltf,Open_24;Close_24;LockedJiggle_24;Break_24;LootedIdle_24,24,24,interactive filename match
Workbench_Drawers,interactives,door_or_container,world,existing_gltf,gltf/quaternius/fantasy_props/Workbench_Drawers.gltf,animated_gltf/interactives/Workbench_Drawers/Workbench_Drawers_animated.gltf,Open_24;Close_24;LockedJiggle_24;Break_24;LootedIdle_24,24,24,interactive filename match
barrel_large,interactives,door_or_container,world,converted_glb,glb/props/dungeon/barrel_large.gltf.glb,animated_gltf/interactives/barrel_large/barrel_large_animated.gltf,Open_24;Close_24;LockedJiggle_24;Break_24;LootedIdle_24,24,24,interactive filename match
barrel_large_decorated,interactives,door_or_container,world,converted_glb,glb/props/dungeon/barrel_large_decorated.gltf.glb,animated_gltf/interactives/barrel_large_decorated/barrel_large_decorated_animated.gltf,Open_24;Close_24;LockedJiggle_24;Break_24;LootedIdle_24,24,24,interactive filename match
barrel_small,interactives,door_or_container,world,converted_glb,glb/props/dungeon/barrel_small.gltf.glb,animated_gltf/interactives/barrel_small/barrel_small_animated.gltf,Open_24;Close_24;LockedJiggle_24;Break_24;LootedIdle_24,24,24,interactive filename match
barrel_small_stack,interactives,door_or_container,world,converted_glb,glb/props/dungeon/barrel_small_stack.gltf.glb,animated_gltf/interactives/barrel_small_stack/barrel_small_stack_animated.gltf,Open_24;Close_24;LockedJiggle_24;Break_24;LootedIdle_24,24,24,interactive filename match
box_large,interactives,door_or_container,world,converted_glb,glb/props/dungeon/box_large.gltf.glb,animated_gltf/interactives/box_large/box_large_animated.gltf,Open_24;Close_24;LockedJiggle_24;Break_24;LootedIdle_24,24,24,interactive filename match
box_small,interactives,door_or_container,world,converted_glb,glb/props/dungeon/box_small.gltf.glb,animated_gltf/interactives/box_small/box_small_animated.gltf,Open_24;Close_24;LockedJiggle_24;Break_24;LootedIdle_24,24,24,interactive filename match
box_small_decorated,interactives,door_or_container,world,converted_glb,glb/props/dungeon/box_small_decorated.gltf.glb,animated_gltf/interactives/box_small_decorated/box_small_decorated_animated.gltf,Open_24;Close_24;LockedJiggle_24;Break_24;LootedIdle_24,24,24,interactive filename match
box_stacked,interactives,door_or_container,world,converted_glb,glb/props/dungeon/box_stacked.gltf.glb,animated_gltf/interactives/box_stacked/box_stacked_animated.gltf,Open_24;Close_24;LockedJiggle_24;Break_24;LootedIdle_24,24,24,interactive filename match
chest,interactives,door_or_container,world,converted_glb,glb/props/dungeon/chest.glb,animated_gltf/interactives/chest/chest_animated.gltf,Open_24;Close_24;LockedJiggle_24;Break_24;LootedIdle_24,24,24,interactive filename match
chest_gold,interactives,door_or_container,world,converted_glb,glb/props/dungeon/chest_gold.glb,animated_gltf/interactives/chest_gold/chest_gold_animated.gltf,Open_24;Close_24;LockedJiggle_24;Break_24;LootedIdle_24,24,24,interactive filename match
crates_stacked,interactives,door_or_container,world,converted_glb,glb/props/dungeon/crates_stacked.gltf.glb,animated_gltf/interactives/crates_stacked/crates_stacked_animated.gltf,Open_24;Close_24;LockedJiggle_24;Break_24;LootedIdle_24,24,24,interactive filename match
wall_archedwindow_gated,interactives,door_or_container,world,converted_glb,glb/props/dungeon/wall_archedwindow_gated.gltf.glb,animated_gltf/interactives/wall_archedwindow_gated/wall_archedwindow_gated_animated.gltf,Open_24;Close_24;LockedJiggle_24;Break_24;IdleOpen_24,24,24,interactive filename match
wall_archedwindow_gated_scaffold,interactives,door_or_container,world,converted_glb,glb/props/dungeon/wall_archedwindow_gated_scaffold.gltf.glb,animated_gltf/interactives/wall_archedwindow_gated_scaffold/wall_archedwindow_gated_scaffold_animated.gltf,Open_24;Close_24;LockedJiggle_24;Break_24;IdleOpen_24,24,24,interactive filename match
wall_corner_gated,interactives,door_or_container,world,converted_glb,glb/props/dungeon/wall_corner_gated.gltf.glb,animated_gltf/interactives/wall_corner_gated/wall_corner_gated_animated.gltf,Open_24;Close_24;LockedJiggle_24;Break_24;IdleOpen_24,24,24,interactive filename match
wall_doorway,interactives,door_or_container,world,converted_glb,glb/props/dungeon/wall_doorway.glb,animated_gltf/interactives/wall_doorway/wall_doorway_animated.gltf,Open_24;Close_24;LockedJiggle_24;Break_24;IdleOpen_24,24,24,interactive filename match
wall_doorway_Tsplit,interactives,door_or_container,world,converted_glb,glb/props/dungeon/wall_doorway_Tsplit.gltf.glb,animated_gltf/interactives/wall_doorway_Tsplit/wall_doorway_Tsplit_animated.gltf,Open_24;Close_24;LockedJiggle_24;Break_24;IdleOpen_24,24,24,interactive filename match
wall_doorway_scaffold,interactives,door_or_container,world,converted_glb,glb/props/dungeon/wall_doorway_scaffold.glb,animated_gltf/interactives/wall_doorway_scaffold/wall_doorway_scaffold_animated.gltf,Open_24;Close_24;LockedJiggle_24;Break_24;IdleOpen_24,24,24,interactive filename match
wall_doorway_sides,interactives,door_or_container,world,converted_glb,glb/props/dungeon/wall_doorway_sides.gltf.glb,animated_gltf/interactives/wall_doorway_sides/wall_doorway_sides_animated.gltf,Open_24;Close_24;LockedJiggle_24;Break_24;IdleOpen_24,24,24,interactive filename match
wall_gated,interactives,door_or_container,world,converted_glb,glb/props/dungeon/wall_gated.gltf.glb,animated_gltf/interactives/wall_gated/wall_gated_animated.gltf,Open_24;Close_24;LockedJiggle_24;Break_24;IdleOpen_24,24,24,interactive filename match
wall-door,interactives,door_or_container,world,converted_glb,glb/buildings/fantasy_town/wall-door.glb,animated_gltf/interactives/wall-door/wall-door_animated.gltf,Open_24;Close_24;LockedJiggle_24;Break_24;IdleOpen_24,24,24,interactive filename match
wall-doorway-base,interactives,door_or_container,world,converted_glb,glb/buildings/fantasy_town/wall-doorway-base.glb,animated_gltf/interactives/wall-doorway-base/wall-doorway-base_animated.gltf,Open_24;Close_24;LockedJiggle_24;Break_24;IdleOpen_24,24,24,interactive filename match
wall-doorway-round,interactives,door_or_container,world,converted_glb,glb/buildings/fantasy_town/wall-doorway-round.glb,animated_gltf/interactives/wall-doorway-round/wall-doorway-round_animated.gltf,Open_24;Close_24;LockedJiggle_24;Break_24;IdleOpen_24,24,24,interactive filename match
wall-doorway-square-wide-curved,interactives,door_or_container,world,converted_glb,glb/buildings/fantasy_town/wall-doorway-square-wide-curved.glb,animated_gltf/interactives/wall-doorway-square-wide-curved/wall-doorway-square-wide-curved_animated.gltf,Open_24;Close_24;LockedJiggle_24;Break_24;IdleOpen_24,24,24,interactive filename match
wall-doorway-square-wide,interactives,door_or_container,world,converted_glb,glb/buildings/fantasy_town/wall-doorway-square-wide.glb,animated_gltf/interactives/wall-doorway-square-wide/wall-doorway-square-wide_animated.gltf,Open_24;Close_24;LockedJiggle_24;Break_24;IdleOpen_24,24,24,interactive filename match
wall-doorway-square,interactives,door_or_container,world,converted_glb,glb/buildings/fantasy_town/wall-doorway-square.glb,animated_gltf/interactives/wall-doorway-square/wall-doorway-square_animated.gltf,Open_24;Close_24;LockedJiggle_24;Break_24;IdleOpen_24,24,24,interactive filename match
wall-wood-door,interactives,door_or_container,world,converted_glb,glb/buildings/fantasy_town/wall-wood-door.glb,animated_gltf/interactives/wall-wood-door/wall-wood-door_animated.gltf,Open_24;Close_24;LockedJiggle_24;Break_24;IdleOpen_24,24,24,interactive filename match
wall-wood-doorway-base,interactives,door_or_container,world,converted_glb,glb/buildings/fantasy_town/wall-wood-doorway-base.glb,animated_gltf/interactives/wall-wood-doorway-base/wall-wood-doorway-base_animated.gltf,Open_24;Close_24;LockedJiggle_24;Break_24;IdleOpen_24,24,24,interactive filename match
wall-wood-doorway-round,interactives,door_or_container,world,converted_glb,glb/buildings/fantasy_town/wall-wood-doorway-round.glb,animated_gltf/interactives/wall-wood-doorway-round/wall-wood-doorway-round_animated.gltf,Open_24;Close_24;LockedJiggle_24;Break_24;IdleOpen_24,24,24,interactive filename match
wall-wood-doorway-square-wide-curved,interactives,door_or_container,world,converted_glb,glb/buildings/fantasy_town/wall-wood-doorway-square-wide-curved.glb,animated_gltf/interactives/wall-wood-doorway-square-wide-curved/wall-wood-doorway-square-wide-curved_animated.gltf,Open_24;Close_24;LockedJiggle_24;Break_24;IdleOpen_24,24,24,interactive filename match
wall-wood-doorway-square-wide,interactives,door_or_container,world,converted_glb,glb/buildings/fantasy_town/wall-wood-doorway-square-wide.glb,animated_gltf/interactives/wall-wood-doorway-square-wide/wall-wood-doorway-square-wide_animated.gltf,Open_24;Close_24;LockedJiggle_24;Break_24;IdleOpen_24,24,24,interactive filename match
wall-wood-doorway-square,interactives,door_or_container,world,converted_glb,glb/buildings/fantasy_town/wall-wood-doorway-square.glb,animated_gltf/interactives/wall-wood-doorway-square/wall-wood-doorway-square_animated.gltf,Open_24;Close_24;LockedJiggle_24;Break_24;IdleOpen_24,24,24,interactive filename match
fence-gate,interactives,door_or_container,world,converted_glb,glb/environment/fences/fence-gate.glb,animated_gltf/interactives/fence-gate/fence-gate_animated.gltf,Open_24;Close_24;LockedJiggle_24;Break_24;IdleOpen_24,24,24,interactive filename match
Medieval_Town_-_Free_Sample-0-Crate-0,interactives,door_or_container,world,converted_obj,obj/town_sample/Medieval Town - Free Sample-0-Crate-0.obj,animated_gltf/interactives/Medieval_Town_-_Free_Sample-0-Crate-0/Medieval_Town_-_Free_Sample-0-Crate-0_animated.gltf,Open_24;Close_24;LockedJiggle_24;Break_24;LootedIdle_24,24,24,interactive OBJ filename match
Medieval_Town_-_Free_Sample-1-Crate-1,interactives,door_or_container,world,converted_obj,obj/town_sample/Medieval Town - Free Sample-1-Crate-1.obj,animated_gltf/interactives/Medieval_Town_-_Free_Sample-1-Crate-1/Medieval_Town_-_Free_Sample-1-Crate-1_animated.gltf,Open_24;Close_24;LockedJiggle_24;Break_24;LootedIdle_24,24,24,interactive OBJ filename match
Medieval_Town_-_Free_Sample-5-Crate-2,interactives,door_or_container,world,converted_obj,obj/town_sample/Medieval Town - Free Sample-5-Crate-2.obj,animated_gltf/interactives/Medieval_Town_-_Free_Sample-5-Crate-2/Medieval_Town_-_Free_Sample-5-Crate-2_animated.gltf,Open_24;Close_24;LockedJiggle_24;Break_24;LootedIdle_24,24,24,interactive OBJ filename match
Tower_Door,interactives,door_or_container,world,converted_obj,obj/medieval_voxel/Tower_Door.obj,animated_gltf/interactives/Tower_Door/Tower_Door_animated.gltf,Open_24;Close_24;LockedJiggle_24;Break_24;IdleOpen_24,24,24,interactive OBJ filename match
Wall_Entrance_Door,interactives,door_or_container,world,converted_obj,obj/medieval_voxel/Wall_Entrance_Door.obj,animated_gltf/interactives/Wall_Entrance_Door/Wall_Entrance_Door_animated.gltf,Open_24;Close_24;LockedJiggle_24;Break_24;IdleOpen_24,24,24,interactive OBJ filename match
church-0-cata_walldoor2,interactives,door_or_container,world,converted_obj,obj/church_cemetery/church-0-cata_walldoor2.obj,animated_gltf/interactives/church-0-cata_walldoor2/church-0-cata_walldoor2_animated.gltf,Open_24;Close_24;LockedJiggle_24;Break_24;IdleOpen_24,24,24,interactive OBJ filename match
church-1-cata_walldoor,interactives,door_or_container,world,converted_obj,obj/church_cemetery/church-1-cata_walldoor.obj,animated_gltf/interactives/church-1-cata_walldoor/church-1-cata_walldoor_animated.gltf,Open_24;Close_24;LockedJiggle_24;Break_24;IdleOpen_24,24,24,interactive OBJ filename match
church-19-ch_trapdoor2,interactives,door_or_container,world,converted_obj,obj/church_cemetery/church-19-ch_trapdoor2.obj,animated_gltf/interactives/church-19-ch_trapdoor2/church-19-ch_trapdoor2_animated.gltf,Open_24;Close_24;LockedJiggle_24;Break_24;IdleOpen_24,24,24,interactive OBJ filename match
church-43-gy_gatesingle,interactives,door_or_container,world,converted_obj,obj/church_cemetery/church-43-gy_gatesingle.obj,animated_gltf/interactives/church-43-gy_gatesingle/church-43-gy_gatesingle_animated.gltf,Open_24;Close_24;LockedJiggle_24;Break_24;IdleOpen_24,24,24,interactive OBJ filename match
church-44-gy_gatedbl,interactives,door_or_container,world,converted_obj,obj/church_cemetery/church-44-gy_gatedbl.obj,animated_gltf/interactives/church-44-gy_gatedbl/church-44-gy_gatedbl_animated.gltf,Open_24;Close_24;LockedJiggle_24;Break_24;IdleOpen_24,24,24,interactive OBJ filename match
church-62-ch_trapdoormetal,interactives,door_or_container,world,converted_obj,obj/church_cemetery/church-62-ch_trapdoormetal.obj,animated_gltf/interactives/church-62-ch_trapdoormetal/church-62-ch_trapdoormetal_animated.gltf,Open_24;Close_24;LockedJiggle_24;Break_24;IdleOpen_24,24,24,interactive OBJ filename match
church-63-ch_trapdoor,interactives,door_or_container,world,converted_obj,obj/church_cemetery/church-63-ch_trapdoor.obj,animated_gltf/interactives/church-63-ch_trapdoor/church-63-ch_trapdoor_animated.gltf,Open_24;Close_24;LockedJiggle_24;Break_24;IdleOpen_24,24,24,interactive OBJ filename match
church-76-ch_floortrapdoor,interactives,door_or_container,world,converted_obj,obj/church_cemetery/church-76-ch_floortrapdoor.obj,animated_gltf/interactives/church-76-ch_floortrapdoor/church-76-ch_floortrapdoor_animated.gltf,Open_24;Close_24;LockedJiggle_24;Break_24;IdleOpen_24,24,24,interactive OBJ filename match
tavern-17-keg_metalbinding,interactives,door_or_container,world,converted_obj,obj/tavern/tavern-17-keg_metalbinding.obj,animated_gltf/interactives/tavern-17-keg_metalbinding/tavern-17-keg_metalbinding_animated.gltf,Open_24;Close_24;LockedJiggle_24;Break_24;LootedIdle_24,24,24,interactive OBJ filename match
tavern-18-keg,interactives,door_or_container,world,converted_obj,obj/tavern/tavern-18-keg.obj,animated_gltf/interactives/tavern-18-keg/tavern-18-keg_animated.gltf,Open_24;Close_24;LockedJiggle_24;Break_24;LootedIdle_24,24,24,interactive OBJ filename match
tavern-21-door_glass,interactives,door_or_container,world,converted_obj,obj/tavern/tavern-21-door_glass.obj,animated_gltf/interactives/tavern-21-door_glass/tavern-21-door_glass_animated.gltf,Open_24;Close_24;LockedJiggle_24;Break_24;IdleOpen_24,24,24,interactive OBJ filename match
tavern-22-door_single_iso,interactives,door_or_container,world,converted_obj,obj/tavern/tavern-22-door_single_iso.obj,animated_gltf/interactives/tavern-22-door_single_iso/tavern-22-door_single_iso_animated.gltf,Open_24;Close_24;LockedJiggle_24;Break_24;IdleOpen_24,24,24,interactive OBJ filename match
tavern-76-keg_iso,interactives,door_or_container,world,converted_obj,obj/tavern/tavern-76-keg_iso.obj,animated_gltf/interactives/tavern-76-keg_iso/tavern-76-keg_iso_animated.gltf,Open_24;Close_24;LockedJiggle_24;Break_24;LootedIdle_24,24,24,interactive OBJ filename match
tavern-83-door_single,interactives,door_or_container,world,converted_obj,obj/tavern/tavern-83-door_single.obj,animated_gltf/interactives/tavern-83-door_single/tavern-83-door_single_animated.gltf,Open_24;Close_24;LockedJiggle_24;Break_24;IdleOpen_24,24,24,interactive OBJ filename match
stone-gate,interactives,door_or_container,world,converted_obj,obj/environment/mines/kyrises_voxel_mines/stone-gate/stone-gate.obj,animated_gltf/interactives/stone-gate/stone-gate_animated.gltf,Open_24;Close_24;LockedJiggle_24;Break_24;IdleOpen_24,24,24,interactive OBJ filename match
Bag_rpg_items_quaternius_ultimate_rpg,interactives,door_or_container,world,converted_obj,obj/equipment/rpg_items/quaternius_ultimate_rpg/Bag.obj,animated_gltf/interactives/Bag_rpg_items_quaternius_ultimate_rpg/Bag_rpg_items_quaternius_ultimate_rpg_animated.gltf,Open_24;Close_24;LockedJiggle_24;Break_24;LootedIdle_24,24,24,interactive OBJ filename match
Chest_Closed,interactives,door_or_container,world,converted_obj,obj/equipment/rpg_items/quaternius_ultimate_rpg/Chest_Closed.obj,animated_gltf/interactives/Chest_Closed/Chest_Closed_animated.gltf,Open_24;Close_24;LockedJiggle_24;Break_24;LootedIdle_24,24,24,interactive OBJ filename match
Chest_Ingots,interactives,door_or_container,world,converted_obj,obj/equipment/rpg_items/quaternius_ultimate_rpg/Chest_Ingots.obj,animated_gltf/interactives/Chest_Ingots/Chest_Ingots_animated.gltf,Open_24;Close_24;LockedJiggle_24;Break_24;LootedIdle_24,24,24,interactive OBJ filename match
Chest_Open,interactives,door_or_container,world,converted_obj,obj/equipment/rpg_items/quaternius_ultimate_rpg/Chest_Open.obj,animated_gltf/interactives/Chest_Open/Chest_Open_animated.gltf,Open_24;Close_24;LockedJiggle_24;Break_24;LootedIdle_24,24,24,interactive OBJ filename match
Bat,creatures,combat_actor,actor_root,converted_obj,obj/creatures/monsters/quaternius_basic/Bat.obj,animated_gltf/creatures/Bat/Bat_animated.gltf,Idle_24;Walk_24;Run_24;Attack_24;HeavyAttack_24;HitReact_24;Death_24;Flee_24;Taunt_24,24,24,creature pack
Dragon,creatures,combat_actor,actor_root,converted_obj,obj/creatures/monsters/quaternius_basic/Dragon.obj,animated_gltf/creatures/Dragon/Dragon_animated.gltf,Idle_24;Walk_24;Run_24;Attack_24;HeavyAttack_24;HitReact_24;Death_24;Flee_24;Taunt_24,24,24,creature pack
Skeleton,creatures,combat_actor,actor_root,converted_obj,obj/creatures/monsters/quaternius_basic/Skeleton.obj,animated_gltf/creatures/Skeleton/Skeleton_animated.gltf,Idle_24;Walk_24;Run_24;Attack_24;HeavyAttack_24;HitReact_24;Death_24;Flee_24;Taunt_24,24,24,creature pack
Slime,creatures,combat_actor,actor_root,converted_obj,obj/creatures/monsters/quaternius_basic/Slime.obj,animated_gltf/creatures/Slime/Slime_animated.gltf,Idle_24;Walk_24;Run_24;Attack_24;HeavyAttack_24;HitReact_24;Death_24;Flee_24;Taunt_24,24,24,creature pack
harthmere_animal_bear_black,creatures,combat_actor,actor_root,existing_gltf,gltf/creatures/animal_action_variants/harthmere_animal_bear_black.gltf,animated_gltf/creatures/harthmere_animal_bear_black/harthmere_animal_bear_black_animated.gltf,Idle_24;Walk_24;Run_24;Attack_24;HeavyAttack_24;HitReact_24;Death_24;Flee_24;Taunt_24,24,24,creature pack
harthmere_animal_bear_brown,creatures,combat_actor,actor_root,existing_gltf,gltf/creatures/animal_action_variants/harthmere_animal_bear_brown.gltf,animated_gltf/creatures/harthmere_animal_bear_brown/harthmere_animal_bear_brown_animated.gltf,Idle_24;Walk_24;Run_24;Attack_24;HeavyAttack_24;HitReact_24;Death_24;Flee_24;Taunt_24,24,24,creature pack
harthmere_animal_bear_snow,creatures,combat_actor,actor_root,existing_gltf,gltf/creatures/animal_action_variants/harthmere_animal_bear_snow.gltf,animated_gltf/creatures/harthmere_animal_bear_snow/harthmere_animal_bear_snow_animated.gltf,Idle_24;Walk_24;Run_24;Attack_24;HeavyAttack_24;HitReact_24;Death_24;Flee_24;Taunt_24,24,24,creature pack
harthmere_animal_boar_black,creatures,combat_actor,actor_root,existing_gltf,gltf/creatures/animal_action_variants/harthmere_animal_boar_black.gltf,animated_gltf/creatures/harthmere_animal_boar_black/harthmere_animal_boar_black_animated.gltf,Idle_24;Walk_24;Run_24;Attack_24;HeavyAttack_24;HitReact_24;Death_24;Flee_24;Taunt_24,24,24,creature pack
harthmere_animal_boar_brown,creatures,combat_actor,actor_root,existing_gltf,gltf/creatures/animal_action_variants/harthmere_animal_boar_brown.gltf,animated_gltf/creatures/harthmere_animal_boar_brown/harthmere_animal_boar_brown_animated.gltf,Idle_24;Walk_24;Run_24;Attack_24;HeavyAttack_24;HitReact_24;Death_24;Flee_24;Taunt_24,24,24,creature pack
harthmere_animal_boar_rust,creatures,combat_actor,actor_root,existing_gltf,gltf/creatures/animal_action_variants/harthmere_animal_boar_rust.gltf,animated_gltf/creatures/harthmere_animal_boar_rust/harthmere_animal_boar_rust_animated.gltf,Idle_24;Walk_24;Run_24;Attack_24;HeavyAttack_24;HitReact_24;Death_24;Flee_24;Taunt_24,24,24,creature pack
harthmere_animal_cat_black,creatures,combat_actor,actor_root,existing_gltf,gltf/creatures/animal_action_variants/harthmere_animal_cat_black.gltf,animated_gltf/creatures/harthmere_animal_cat_black/harthmere_animal_cat_black_animated.gltf,Idle_24;Walk_24;Run_24;Attack_24;HeavyAttack_24;HitReact_24;Death_24;Flee_24;Taunt_24,24,24,creature pack
harthmere_animal_cat_ginger,creatures,combat_actor,actor_root,existing_gltf,gltf/creatures/animal_action_variants/harthmere_animal_cat_ginger.gltf,animated_gltf/creatures/harthmere_animal_cat_ginger/harthmere_animal_cat_ginger_animated.gltf,Idle_24;Walk_24;Run_24;Attack_24;HeavyAttack_24;HitReact_24;Death_24;Flee_24;Taunt_24,24,24,creature pack
harthmere_animal_cat_tabby,creatures,combat_actor,actor_root,existing_gltf,gltf/creatures/animal_action_variants/harthmere_animal_cat_tabby.gltf,animated_gltf/creatures/harthmere_animal_cat_tabby/harthmere_animal_cat_tabby_animated.gltf,Idle_24;Walk_24;Run_24;Attack_24;HeavyAttack_24;HitReact_24;Death_24;Flee_24;Taunt_24,24,24,creature pack
harthmere_animal_chicken_black,creatures,combat_actor,actor_root,existing_gltf,gltf/creatures/animal_action_variants/harthmere_animal_chicken_black.gltf,animated_gltf/creatures/harthmere_animal_chicken_black/harthmere_animal_chicken_black_animated.gltf,Idle_24;Walk_24;Run_24;Attack_24;HeavyAttack_24;HitReact_24;Death_24;Flee_24;Taunt_24,24,24,creature pack
harthmere_animal_chicken_brown,creatures,combat_actor,actor_root,existing_gltf,gltf/creatures/animal_action_variants/harthmere_animal_chicken_brown.gltf,animated_gltf/creatures/harthmere_animal_chicken_brown/harthmere_animal_chicken_brown_animated.gltf,Idle_24;Walk_24;Run_24;Attack_24;HeavyAttack_24;HitReact_24;Death_24;Flee_24;Taunt_24,24,24,creature pack
harthmere_animal_chicken_white,creatures,combat_actor,actor_root,existing_gltf,gltf/creatures/animal_action_variants/harthmere_animal_chicken_white.gltf,animated_gltf/creatures/harthmere_animal_chicken_white/harthmere_animal_chicken_white_animated.gltf,Idle_24;Walk_24;Run_24;Attack_24;HeavyAttack_24;HitReact_24;Death_24;Flee_24;Taunt_24,24,24,creature pack
harthmere_animal_cow_black,creatures,combat_actor,actor_root,existing_gltf,gltf/creatures/animal_action_variants/harthmere_animal_cow_black.gltf,animated_gltf/creatures/harthmere_animal_cow_black/harthmere_animal_cow_black_animated.gltf,Idle_24;Walk_24;Run_24;Attack_24;HeavyAttack_24;HitReact_24;Death_24;Flee_24;Taunt_24,24,24,creature pack
harthmere_animal_cow_brown,creatures,combat_actor,actor_root,existing_gltf,gltf/creatures/animal_action_variants/harthmere_animal_cow_brown.gltf,animated_gltf/creatures/harthmere_animal_cow_brown/harthmere_animal_cow_brown_animated.gltf,Idle_24;Walk_24;Run_24;Attack_24;HeavyAttack_24;HitReact_24;Death_24;Flee_24;Taunt_24,24,24,creature pack
harthmere_animal_cow_spotted,creatures,combat_actor,actor_root,existing_gltf,gltf/creatures/animal_action_variants/harthmere_animal_cow_spotted.gltf,animated_gltf/creatures/harthmere_animal_cow_spotted/harthmere_animal_cow_spotted_animated.gltf,Idle_24;Walk_24;Run_24;Attack_24;HeavyAttack_24;HitReact_24;Death_24;Flee_24;Taunt_24,24,24,creature pack
harthmere_animal_deer_doe,creatures,combat_actor,actor_root,existing_gltf,gltf/creatures/animal_action_variants/harthmere_animal_deer_doe.gltf,animated_gltf/creatures/harthmere_animal_deer_doe/harthmere_animal_deer_doe_animated.gltf,Idle_24;Walk_24;Run_24;Attack_24;HeavyAttack_24;HitReact_24;Death_24;Flee_24;Taunt_24,24,24,creature pack
harthmere_animal_deer_fawn,creatures,combat_actor,actor_root,existing_gltf,gltf/creatures/animal_action_variants/harthmere_animal_deer_fawn.gltf,animated_gltf/creatures/harthmere_animal_deer_fawn/harthmere_animal_deer_fawn_animated.gltf,Idle_24;Walk_24;Run_24;Attack_24;HeavyAttack_24;HitReact_24;Death_24;Flee_24;Taunt_24,24,24,creature pack
harthmere_animal_deer_stag,creatures,combat_actor,actor_root,existing_gltf,gltf/creatures/animal_action_variants/harthmere_animal_deer_stag.gltf,animated_gltf/creatures/harthmere_animal_deer_stag/harthmere_animal_deer_stag_animated.gltf,Idle_24;Walk_24;Run_24;Attack_24;HeavyAttack_24;HitReact_24;Death_24;Flee_24;Taunt_24,24,24,creature pack
harthmere_animal_dog_black,creatures,combat_actor,actor_root,existing_gltf,gltf/creatures/animal_action_variants/harthmere_animal_dog_black.gltf,animated_gltf/creatures/harthmere_animal_dog_black/harthmere_animal_dog_black_animated.gltf,Idle_24;Walk_24;Run_24;Attack_24;HeavyAttack_24;HitReact_24;Death_24;Flee_24;Taunt_24,24,24,creature pack
harthmere_animal_dog_tan,creatures,combat_actor,actor_root,existing_gltf,gltf/creatures/animal_action_variants/harthmere_animal_dog_tan.gltf,animated_gltf/creatures/harthmere_animal_dog_tan/harthmere_animal_dog_tan_animated.gltf,Idle_24;Walk_24;Run_24;Attack_24;HeavyAttack_24;HitReact_24;Death_24;Flee_24;Taunt_24,24,24,creature pack
harthmere_animal_dog_white,creatures,combat_actor,actor_root,existing_gltf,gltf/creatures/animal_action_variants/harthmere_animal_dog_white.gltf,animated_gltf/creatures/harthmere_animal_dog_white/harthmere_animal_dog_white_animated.gltf,Idle_24;Walk_24;Run_24;Attack_24;HeavyAttack_24;HitReact_24;Death_24;Flee_24;Taunt_24,24,24,creature pack
harthmere_animal_fox_arctic,creatures,combat_actor,actor_root,existing_gltf,gltf/creatures/animal_action_variants/harthmere_animal_fox_arctic.gltf,animated_gltf/creatures/harthmere_animal_fox_arctic/harthmere_animal_fox_arctic_animated.gltf,Idle_24;Walk_24;Run_24;Attack_24;HeavyAttack_24;HitReact_24;Death_24;Flee_24;Taunt_24,24,24,creature pack
harthmere_animal_fox_red,creatures,combat_actor,actor_root,existing_gltf,gltf/creatures/animal_action_variants/harthmere_animal_fox_red.gltf,animated_gltf/creatures/harthmere_animal_fox_red/harthmere_animal_fox_red_animated.gltf,Idle_24;Walk_24;Run_24;Attack_24;HeavyAttack_24;HitReact_24;Death_24;Flee_24;Taunt_24,24,24,creature pack
harthmere_animal_fox_silver,creatures,combat_actor,actor_root,existing_gltf,gltf/creatures/animal_action_variants/harthmere_animal_fox_silver.gltf,animated_gltf/creatures/harthmere_animal_fox_silver/harthmere_animal_fox_silver_animated.gltf,Idle_24;Walk_24;Run_24;Attack_24;HeavyAttack_24;HitReact_24;Death_24;Flee_24;Taunt_24,24,24,creature pack
harthmere_animal_goat_black,creatures,combat_actor,actor_root,existing_gltf,gltf/creatures/animal_action_variants/harthmere_animal_goat_black.gltf,animated_gltf/creatures/harthmere_animal_goat_black/harthmere_animal_goat_black_animated.gltf,Idle_24;Walk_24;Run_24;Attack_24;HeavyAttack_24;HitReact_24;Death_24;Flee_24;Taunt_24,24,24,creature pack
harthmere_animal_goat_brown,creatures,combat_actor,actor_root,existing_gltf,gltf/creatures/animal_action_variants/harthmere_animal_goat_brown.gltf,animated_gltf/creatures/harthmere_animal_goat_brown/harthmere_animal_goat_brown_animated.gltf,Idle_24;Walk_24;Run_24;Attack_24;HeavyAttack_24;HitReact_24;Death_24;Flee_24;Taunt_24,24,24,creature pack
harthmere_animal_goat_white,creatures,combat_actor,actor_root,existing_gltf,gltf/creatures/animal_action_variants/harthmere_animal_goat_white.gltf,animated_gltf/creatures/harthmere_animal_goat_white/harthmere_animal_goat_white_animated.gltf,Idle_24;Walk_24;Run_24;Attack_24;HeavyAttack_24;HitReact_24;Death_24;Flee_24;Taunt_24,24,24,creature pack
harthmere_animal_horse_bay,creatures,combat_actor,actor_root,existing_gltf,gltf/creatures/animal_action_variants/harthmere_animal_horse_bay.gltf,animated_gltf/creatures/harthmere_animal_horse_bay/harthmere_animal_horse_bay_animated.gltf,Idle_24;Walk_24;Run_24;Attack_24;HeavyAttack_24;HitReact_24;Death_24;Flee_24;Taunt_24,24,24,creature pack
harthmere_animal_horse_black,creatures,combat_actor,actor_root,existing_gltf,gltf/creatures/animal_action_variants/harthmere_animal_horse_black.gltf,animated_gltf/creatures/harthmere_animal_horse_black/harthmere_animal_horse_black_animated.gltf,Idle_24;Walk_24;Run_24;Attack_24;HeavyAttack_24;HitReact_24;Death_24;Flee_24;Taunt_24,24,24,creature pack
harthmere_animal_horse_white,creatures,combat_actor,actor_root,existing_gltf,gltf/creatures/animal_action_variants/harthmere_animal_horse_white.gltf,animated_gltf/creatures/harthmere_animal_horse_white/harthmere_animal_horse_white_animated.gltf,Idle_24;Walk_24;Run_24;Attack_24;HeavyAttack_24;HitReact_24;Death_24;Flee_24;Taunt_24,24,24,creature pack
harthmere_animal_hound_brown,creatures,combat_actor,actor_root,existing_gltf,gltf/creatures/animal_action_variants/harthmere_animal_hound_brown.gltf,animated_gltf/creatures/harthmere_animal_hound_brown/harthmere_animal_hound_brown_animated.gltf,Idle_24;Walk_24;Run_24;Attack_24;HeavyAttack_24;HitReact_24;Death_24;Flee_24;Taunt_24,24,24,creature pack
harthmere_animal_hound_shadow,creatures,combat_actor,actor_root,existing_gltf,gltf/creatures/animal_action_variants/harthmere_animal_hound_shadow.gltf,animated_gltf/creatures/harthmere_animal_hound_shadow/harthmere_animal_hound_shadow_animated.gltf,Idle_24;Walk_24;Run_24;Attack_24;HeavyAttack_24;HitReact_24;Death_24;Flee_24;Taunt_24,24,24,creature pack
harthmere_animal_hound_war,creatures,combat_actor,actor_root,existing_gltf,gltf/creatures/animal_action_variants/harthmere_animal_hound_war.gltf,animated_gltf/creatures/harthmere_animal_hound_war/harthmere_animal_hound_war_animated.gltf,Idle_24;Walk_24;Run_24;Attack_24;HeavyAttack_24;HitReact_24;Death_24;Flee_24;Taunt_24,24,24,creature pack
harthmere_animal_pig_black,creatures,combat_actor,actor_root,existing_gltf,gltf/creatures/animal_action_variants/harthmere_animal_pig_black.gltf,animated_gltf/creatures/harthmere_animal_pig_black/harthmere_animal_pig_black_animated.gltf,Idle_24;Walk_24;Run_24;Attack_24;HeavyAttack_24;HitReact_24;Death_24;Flee_24;Taunt_24,24,24,creature pack
harthmere_animal_pig_muddy,creatures,combat_actor,actor_root,existing_gltf,gltf/creatures/animal_action_variants/harthmere_animal_pig_muddy.gltf,animated_gltf/creatures/harthmere_animal_pig_muddy/harthmere_animal_pig_muddy_animated.gltf,Idle_24;Walk_24;Run_24;Attack_24;HeavyAttack_24;HitReact_24;Death_24;Flee_24;Taunt_24,24,24,creature pack
harthmere_animal_pig_pink,creatures,combat_actor,actor_root,existing_gltf,gltf/creatures/animal_action_variants/harthmere_animal_pig_pink.gltf,animated_gltf/creatures/harthmere_animal_pig_pink/harthmere_animal_pig_pink_animated.gltf,Idle_24;Walk_24;Run_24;Attack_24;HeavyAttack_24;HitReact_24;Death_24;Flee_24;Taunt_24,24,24,creature pack
harthmere_animal_pigeon_blue,creatures,combat_actor,actor_root,existing_gltf,gltf/creatures/animal_action_variants/harthmere_animal_pigeon_blue.gltf,animated_gltf/creatures/harthmere_animal_pigeon_blue/harthmere_animal_pigeon_blue_animated.gltf,Idle_24;Walk_24;Run_24;Attack_24;HeavyAttack_24;HitReact_24;Death_24;Flee_24;Taunt_24,24,24,creature pack
harthmere_animal_pigeon_gray,creatures,combat_actor,actor_root,existing_gltf,gltf/creatures/animal_action_variants/harthmere_animal_pigeon_gray.gltf,animated_gltf/creatures/harthmere_animal_pigeon_gray/harthmere_animal_pigeon_gray_animated.gltf,Idle_24;Walk_24;Run_24;Attack_24;HeavyAttack_24;HitReact_24;Death_24;Flee_24;Taunt_24,24,24,creature pack
harthmere_animal_pigeon_white,creatures,combat_actor,actor_root,existing_gltf,gltf/creatures/animal_action_variants/harthmere_animal_pigeon_white.gltf,animated_gltf/creatures/harthmere_animal_pigeon_white/harthmere_animal_pigeon_white_animated.gltf,Idle_24;Walk_24;Run_24;Attack_24;HeavyAttack_24;HitReact_24;Death_24;Flee_24;Taunt_24,24,24,creature pack
harthmere_animal_rabbit_brown,creatures,combat_actor,actor_root,existing_gltf,gltf/creatures/animal_action_variants/harthmere_animal_rabbit_brown.gltf,animated_gltf/creatures/harthmere_animal_rabbit_brown/harthmere_animal_rabbit_brown_animated.gltf,Idle_24;Walk_24;Run_24;Attack_24;HeavyAttack_24;HitReact_24;Death_24;Flee_24;Taunt_24,24,24,creature pack
harthmere_animal_rabbit_gray,creatures,combat_actor,actor_root,existing_gltf,gltf/creatures/animal_action_variants/harthmere_animal_rabbit_gray.gltf,animated_gltf/creatures/harthmere_animal_rabbit_gray/harthmere_animal_rabbit_gray_animated.gltf,Idle_24;Walk_24;Run_24;Attack_24;HeavyAttack_24;HitReact_24;Death_24;Flee_24;Taunt_24,24,24,creature pack
harthmere_animal_rabbit_white,creatures,combat_actor,actor_root,existing_gltf,gltf/creatures/animal_action_variants/harthmere_animal_rabbit_white.gltf,animated_gltf/creatures/harthmere_animal_rabbit_white/harthmere_animal_rabbit_white_animated.gltf,Idle_24;Walk_24;Run_24;Attack_24;HeavyAttack_24;HitReact_24;Death_24;Flee_24;Taunt_24,24,24,creature pack
harthmere_animal_rat_black,creatures,combat_actor,actor_root,existing_gltf,gltf/creatures/animal_action_variants/harthmere_animal_rat_black.gltf,animated_gltf/creatures/harthmere_animal_rat_black/harthmere_animal_rat_black_animated.gltf,Idle_24;Walk_24;Run_24;Attack_24;HeavyAttack_24;HitReact_24;Death_24;Flee_24;Taunt_24,24,24,creature pack
harthmere_animal_rat_brown,creatures,combat_actor,actor_root,existing_gltf,gltf/creatures/animal_action_variants/harthmere_animal_rat_brown.gltf,animated_gltf/creatures/harthmere_animal_rat_brown/harthmere_animal_rat_brown_animated.gltf,Idle_24;Walk_24;Run_24;Attack_24;HeavyAttack_24;HitReact_24;Death_24;Flee_24;Taunt_24,24,24,creature pack
harthmere_animal_rat_gray,creatures,combat_actor,actor_root,existing_gltf,gltf/creatures/animal_action_variants/harthmere_animal_rat_gray.gltf,animated_gltf/creatures/harthmere_animal_rat_gray/harthmere_animal_rat_gray_animated.gltf,Idle_24;Walk_24;Run_24;Attack_24;HeavyAttack_24;HitReact_24;Death_24;Flee_24;Taunt_24,24,24,creature pack
harthmere_animal_sheep_black,creatures,combat_actor,actor_root,existing_gltf,gltf/creatures/animal_action_variants/harthmere_animal_sheep_black.gltf,animated_gltf/creatures/harthmere_animal_sheep_black/harthmere_animal_sheep_black_animated.gltf,Idle_24;Walk_24;Run_24;Attack_24;HeavyAttack_24;HitReact_24;Death_24;Flee_24;Taunt_24,24,24,creature pack
harthmere_animal_sheep_cream,creatures,combat_actor,actor_root,existing_gltf,gltf/creatures/animal_action_variants/harthmere_animal_sheep_cream.gltf,animated_gltf/creatures/harthmere_animal_sheep_cream/harthmere_animal_sheep_cream_animated.gltf,Idle_24;Walk_24;Run_24;Attack_24;HeavyAttack_24;HitReact_24;Death_24;Flee_24;Taunt_24,24,24,creature pack
harthmere_animal_sheep_gray,creatures,combat_actor,actor_root,existing_gltf,gltf/creatures/animal_action_variants/harthmere_animal_sheep_gray.gltf,animated_gltf/creatures/harthmere_animal_sheep_gray/harthmere_animal_sheep_gray_animated.gltf,Idle_24;Walk_24;Run_24;Attack_24;HeavyAttack_24;HitReact_24;Death_24;Flee_24;Taunt_24,24,24,creature pack
harthmere_animal_stag_dark,creatures,combat_actor,actor_root,existing_gltf,gltf/creatures/animal_action_variants/harthmere_animal_stag_dark.gltf,animated_gltf/creatures/harthmere_animal_stag_dark/harthmere_animal_stag_dark_animated.gltf,Idle_24;Walk_24;Run_24;Attack_24;HeavyAttack_24;HitReact_24;Death_24;Flee_24;Taunt_24,24,24,creature pack
harthmere_animal_stag_pale,creatures,combat_actor,actor_root,existing_gltf,gltf/creatures/animal_action_variants/harthmere_animal_stag_pale.gltf,animated_gltf/creatures/harthmere_animal_stag_pale/harthmere_animal_stag_pale_animated.gltf,Idle_24;Walk_24;Run_24;Attack_24;HeavyAttack_24;HitReact_24;Death_24;Flee_24;Taunt_24,24,24,creature pack
harthmere_animal_stag_red,creatures,combat_actor,actor_root,existing_gltf,gltf/creatures/animal_action_variants/harthmere_animal_stag_red.gltf,animated_gltf/creatures/harthmere_animal_stag_red/harthmere_animal_stag_red_animated.gltf,Idle_24;Walk_24;Run_24;Attack_24;HeavyAttack_24;HitReact_24;Death_24;Flee_24;Taunt_24,24,24,creature pack
harthmere_animal_wolf_dark,creatures,combat_actor,actor_root,existing_gltf,gltf/creatures/animal_action_variants/harthmere_animal_wolf_dark.gltf,animated_gltf/creatures/harthmere_animal_wolf_dark/harthmere_animal_wolf_dark_animated.gltf,Idle_24;Walk_24;Run_24;Attack_24;HeavyAttack_24;HitReact_24;Death_24;Flee_24;Taunt_24,24,24,creature pack
harthmere_animal_wolf_gray,creatures,combat_actor,actor_root,existing_gltf,gltf/creatures/animal_action_variants/harthmere_animal_wolf_gray.gltf,animated_gltf/creatures/harthmere_animal_wolf_gray/harthmere_animal_wolf_gray_animated.gltf,Idle_24;Walk_24;Run_24;Attack_24;HeavyAttack_24;HitReact_24;Death_24;Flee_24;Taunt_24,24,24,creature pack
harthmere_animal_wolf_snow,creatures,combat_actor,actor_root,existing_gltf,gltf/creatures/animal_action_variants/harthmere_animal_wolf_snow.gltf,animated_gltf/creatures/harthmere_animal_wolf_snow/harthmere_animal_wolf_snow_animated.gltf,Idle_24;Walk_24;Run_24;Attack_24;HeavyAttack_24;HitReact_24;Death_24;Flee_24;Taunt_24,24,24,creature pack
Barbarian,creatures,combat_actor,actor_root,converted_glb,glb/characters/adventurers/Barbarian.glb,animated_gltf/creatures/Barbarian/Barbarian_animated.gltf,Idle_24;Walk_24;Run_24;Attack_24;HeavyAttack_24;HitReact_24;Death_24;Flee_24;Taunt_24,24,24,adventurer combat actor
Knight,creatures,combat_actor,actor_root,converted_glb,glb/characters/adventurers/Knight.glb,animated_gltf/creatures/Knight/Knight_animated.gltf,Idle_24;Walk_24;Run_24;Attack_24;HeavyAttack_24;HitReact_24;Death_24;Flee_24;Taunt_24,24,24,adventurer combat actor
Mage,creatures,combat_actor,actor_root,converted_glb,glb/characters/adventurers/Mage.glb,animated_gltf/creatures/Mage/Mage_animated.gltf,Idle_24;Walk_24;Run_24;Attack_24;HeavyAttack_24;HitReact_24;Death_24;Flee_24;Taunt_24,24,24,adventurer combat actor
Ranger,creatures,combat_actor,actor_root,converted_glb,glb/characters/adventurers/Ranger.glb,animated_gltf/creatures/Ranger/Ranger_animated.gltf,Idle_24;Walk_24;Run_24;Attack_24;HeavyAttack_24;HitReact_24;Death_24;Flee_24;Taunt_24,24,24,adventurer combat actor
Rogue,creatures,combat_actor,actor_root,converted_glb,glb/characters/adventurers/Rogue.glb,animated_gltf/creatures/Rogue/Rogue_animated.gltf,Idle_24;Walk_24;Run_24;Attack_24;HeavyAttack_24;HitReact_24;Death_24;Flee_24;Taunt_24,24,24,adventurer combat actor
Rogue_Hooded,creatures,combat_actor,actor_root,converted_glb,glb/characters/adventurers/Rogue_Hooded.glb,animated_gltf/creatures/Rogue_Hooded/Rogue_Hooded_animated.gltf,Idle_24;Walk_24;Run_24;Attack_24;HeavyAttack_24;HitReact_24;Death_24;Flee_24;Taunt_24,24,24,adventurer combat actor
Apple,food,food_cooking,hand_or_table,converted_obj,obj/props/food/quaternius_ultimate_food/Apple.obj,animated_gltf/food/Apple/Apple_animated.gltf,PickUp_24;Place_24;Eat_24;Inspect_24;IdleTable_24,24,24,ultimate food OBJ
Apple_Green,food,food_cooking,hand_or_table,converted_obj,obj/props/food/quaternius_ultimate_food/Apple_Green.obj,animated_gltf/food/Apple_Green/Apple_Green_animated.gltf,PickUp_24;Place_24;Eat_24;Inspect_24;IdleTable_24,24,24,ultimate food OBJ
Avocado,food,food_cooking,hand_or_table,converted_obj,obj/props/food/quaternius_ultimate_food/Avocado.obj,animated_gltf/food/Avocado/Avocado_animated.gltf,PickUp_24;Place_24;Eat_24;Inspect_24;IdleTable_24,24,24,ultimate food OBJ
Avocado_Empty,food,food_cooking,hand_or_table,converted_obj,obj/props/food/quaternius_ultimate_food/Avocado_Empty.obj,animated_gltf/food/Avocado_Empty/Avocado_Empty_animated.gltf,PickUp_24;Place_24;Eat_24;Inspect_24;IdleTable_24,24,24,ultimate food OBJ
Bacon_Burned,food,food_cooking,hand_or_table,converted_obj,obj/props/food/quaternius_ultimate_food/Bacon_Burned.obj,animated_gltf/food/Bacon_Burned/Bacon_Burned_animated.gltf,PickUp_24;Place_24;Eat_24;Inspect_24;IdleTable_24,24,24,ultimate food OBJ
Bacon_Cooked,food,food_cooking,hand_or_table,converted_obj,obj/props/food/quaternius_ultimate_food/Bacon_Cooked.obj,animated_gltf/food/Bacon_Cooked/Bacon_Cooked_animated.gltf,PickUp_24;Place_24;Eat_24;Inspect_24;IdleTable_24,24,24,ultimate food OBJ
Bacon_Uncooked,food,food_cooking,hand_or_table,converted_obj,obj/props/food/quaternius_ultimate_food/Bacon_Uncooked.obj,animated_gltf/food/Bacon_Uncooked/Bacon_Uncooked_animated.gltf,PickUp_24;Place_24;Eat_24;Inspect_24;IdleTable_24,24,24,ultimate food OBJ
Banana,food,food_cooking,hand_or_table,converted_obj,obj/props/food/quaternius_ultimate_food/Banana.obj,animated_gltf/food/Banana/Banana_animated.gltf,PickUp_24;Place_24;Eat_24;Inspect_24;IdleTable_24,24,24,ultimate food OBJ
Bottle1,food,food_cooking,hand_or_table,converted_obj,obj/props/food/quaternius_ultimate_food/Bottle1.obj,animated_gltf/food/Bottle1/Bottle1_animated.gltf,PickUp_24;Place_24;Drink_24;Inspect_24;IdleTable_24,24,24,ultimate food OBJ
Bottle2,food,food_cooking,hand_or_table,converted_obj,obj/props/food/quaternius_ultimate_food/Bottle2.obj,animated_gltf/food/Bottle2/Bottle2_animated.gltf,PickUp_24;Place_24;Drink_24;Inspect_24;IdleTable_24,24,24,ultimate food OBJ
Bread,food,food_cooking,hand_or_table,converted_obj,obj/props/food/quaternius_ultimate_food/Bread.obj,animated_gltf/food/Bread/Bread_animated.gltf,PickUp_24;Place_24;Eat_24;Inspect_24;IdleTable_24,24,24,ultimate food OBJ
Bread_Slice,food,food_cooking,hand_or_table,converted_obj,obj/props/food/quaternius_ultimate_food/Bread_Slice.obj,animated_gltf/food/Bread_Slice/Bread_Slice_animated.gltf,PickUp_24;Place_24;Eat_24;Inspect_24;IdleTable_24,24,24,ultimate food OBJ
Broccoli,food,food_cooking,hand_or_table,converted_obj,obj/props/food/quaternius_ultimate_food/Broccoli.obj,animated_gltf/food/Broccoli/Broccoli_animated.gltf,PickUp_24;Place_24;Eat_24;Inspect_24;IdleTable_24,24,24,ultimate food OBJ
Burger,food,food_cooking,hand_or_table,converted_obj,obj/props/food/quaternius_ultimate_food/Burger.obj,animated_gltf/food/Burger/Burger_animated.gltf,PickUp_24;Place_24;Eat_24;Inspect_24;IdleTable_24,24,24,ultimate food OBJ
BurgerLarge,food,food_cooking,hand_or_table,converted_obj,obj/props/food/quaternius_ultimate_food/BurgerLarge.obj,animated_gltf/food/BurgerLarge/BurgerLarge_animated.gltf,PickUp_24;Place_24;Eat_24;Inspect_24;IdleTable_24,24,24,ultimate food OBJ
BurgerPatty_Burned,food,food_cooking,hand_or_table,converted_obj,obj/props/food/quaternius_ultimate_food/BurgerPatty_Burned.obj,animated_gltf/food/BurgerPatty_Burned/BurgerPatty_Burned_animated.gltf,PickUp_24;Place_24;Eat_24;Inspect_24;IdleTable_24,24,24,ultimate food OBJ
BurgerPatty_Cooked,food,food_cooking,hand_or_table,converted_obj,obj/props/food/quaternius_ultimate_food/BurgerPatty_Cooked.obj,animated_gltf/food/BurgerPatty_Cooked/BurgerPatty_Cooked_animated.gltf,PickUp_24;Place_24;Eat_24;Inspect_24;IdleTable_24,24,24,ultimate food OBJ
BurgerPatty_Raw,food,food_cooking,hand_or_table,converted_obj,obj/props/food/quaternius_ultimate_food/BurgerPatty_Raw.obj,animated_gltf/food/BurgerPatty_Raw/BurgerPatty_Raw_animated.gltf,PickUp_24;Place_24;Eat_24;Inspect_24;IdleTable_24,24,24,ultimate food OBJ
Burger_Bread,food,food_cooking,hand_or_table,converted_obj,obj/props/food/quaternius_ultimate_food/Burger_Bread.obj,animated_gltf/food/Burger_Bread/Burger_Bread_animated.gltf,PickUp_24;Place_24;Eat_24;Inspect_24;IdleTable_24,24,24,ultimate food OBJ
Carrot,food,food_cooking,hand_or_table,converted_obj,obj/props/food/quaternius_ultimate_food/Carrot.obj,animated_gltf/food/Carrot/Carrot_animated.gltf,PickUp_24;Place_24;Eat_24;Inspect_24;IdleTable_24,24,24,ultimate food OBJ
Cheese_Singles,food,food_cooking,hand_or_table,converted_obj,obj/props/food/quaternius_ultimate_food/Cheese_Singles.obj,animated_gltf/food/Cheese_Singles/Cheese_Singles_animated.gltf,PickUp_24;Place_24;Eat_24;Inspect_24;IdleTable_24,24,24,ultimate food OBJ
Cheeseburger,food,food_cooking,hand_or_table,converted_obj,obj/props/food/quaternius_ultimate_food/Cheeseburger.obj,animated_gltf/food/Cheeseburger/Cheeseburger_animated.gltf,PickUp_24;Place_24;Eat_24;Inspect_24;IdleTable_24,24,24,ultimate food OBJ
ChickenLeg,food,food_cooking,hand_or_table,converted_obj,obj/props/food/quaternius_ultimate_food/ChickenLeg.obj,animated_gltf/food/ChickenLeg/ChickenLeg_animated.gltf,PickUp_24;Place_24;Eat_24;Inspect_24;IdleTable_24,24,24,ultimate food OBJ
ChocolateBar,food,food_cooking,hand_or_table,converted_obj,obj/props/food/quaternius_ultimate_food/ChocolateBar.obj,animated_gltf/food/ChocolateBar/ChocolateBar_animated.gltf,PickUp_24;Place_24;Eat_24;Inspect_24;IdleTable_24,24,24,ultimate food OBJ
Chopsticks,food,food_cooking,hand_or_table,converted_obj,obj/props/food/quaternius_ultimate_food/Chopsticks.obj,animated_gltf/food/Chopsticks/Chopsticks_animated.gltf,PickUp_24;Place_24;CookStir_24;Inspect_24;IdleTable_24,24,24,ultimate food OBJ
Coconut,food,food_cooking,hand_or_table,converted_obj,obj/props/food/quaternius_ultimate_food/Coconut.obj,animated_gltf/food/Coconut/Coconut_animated.gltf,PickUp_24;Place_24;Eat_24;Inspect_24;IdleTable_24,24,24,ultimate food OBJ
Coconut_Half,food,food_cooking,hand_or_table,converted_obj,obj/props/food/quaternius_ultimate_food/Coconut_Half.obj,animated_gltf/food/Coconut_Half/Coconut_Half_animated.gltf,PickUp_24;Place_24;Eat_24;Inspect_24;IdleTable_24,24,24,ultimate food OBJ
CookingPot,food,food_cooking,hand_or_table,converted_obj,obj/props/food/quaternius_ultimate_food/CookingPot.obj,animated_gltf/food/CookingPot/CookingPot_animated.gltf,PickUp_24;Place_24;CookStir_24;Inspect_24;IdleTable_24,24,24,ultimate food OBJ
CookingPot2,food,food_cooking,hand_or_table,converted_obj,obj/props/food/quaternius_ultimate_food/CookingPot2.obj,animated_gltf/food/CookingPot2/CookingPot2_animated.gltf,PickUp_24;Place_24;CookStir_24;Inspect_24;IdleTable_24,24,24,ultimate food OBJ
CookingPot2_Soup,food,food_cooking,hand_or_table,converted_obj,obj/props/food/quaternius_ultimate_food/CookingPot2_Soup.obj,animated_gltf/food/CookingPot2_Soup/CookingPot2_Soup_animated.gltf,PickUp_24;Place_24;CookStir_24;Inspect_24;IdleTable_24,24,24,ultimate food OBJ
CookingPot_Soup,food,food_cooking,hand_or_table,converted_obj,obj/props/food/quaternius_ultimate_food/CookingPot_Soup.obj,animated_gltf/food/CookingPot_Soup/CookingPot_Soup_animated.gltf,PickUp_24;Place_24;CookStir_24;Inspect_24;IdleTable_24,24,24,ultimate food OBJ
Corndog,food,food_cooking,hand_or_table,converted_obj,obj/props/food/quaternius_ultimate_food/Corndog.obj,animated_gltf/food/Corndog/Corndog_animated.gltf,PickUp_24;Place_24;Eat_24;Inspect_24;IdleTable_24,24,24,ultimate food OBJ
Croissant,food,food_cooking,hand_or_table,converted_obj,obj/props/food/quaternius_ultimate_food/Croissant.obj,animated_gltf/food/Croissant/Croissant_animated.gltf,PickUp_24;Place_24;Eat_24;Inspect_24;IdleTable_24,24,24,ultimate food OBJ
Cupcake,food,food_cooking,hand_or_table,converted_obj,obj/props/food/quaternius_ultimate_food/Cupcake.obj,animated_gltf/food/Cupcake/Cupcake_animated.gltf,PickUp_24;Place_24;Drink_24;Inspect_24;IdleTable_24,24,24,ultimate food OBJ
Donut1,food,food_cooking,hand_or_table,converted_obj,obj/props/food/quaternius_ultimate_food/Donut1.obj,animated_gltf/food/Donut1/Donut1_animated.gltf,PickUp_24;Place_24;Eat_24;Inspect_24;IdleTable_24,24,24,ultimate food OBJ
Donut2,food,food_cooking,hand_or_table,converted_obj,obj/props/food/quaternius_ultimate_food/Donut2.obj,animated_gltf/food/Donut2/Donut2_animated.gltf,PickUp_24;Place_24;Eat_24;Inspect_24;IdleTable_24,24,24,ultimate food OBJ
Donut3,food,food_cooking,hand_or_table,converted_obj,obj/props/food/quaternius_ultimate_food/Donut3.obj,animated_gltf/food/Donut3/Donut3_animated.gltf,PickUp_24;Place_24;Eat_24;Inspect_24;IdleTable_24,24,24,ultimate food OBJ
Donut4,food,food_cooking,hand_or_table,converted_obj,obj/props/food/quaternius_ultimate_food/Donut4.obj,animated_gltf/food/Donut4/Donut4_animated.gltf,PickUp_24;Place_24;Eat_24;Inspect_24;IdleTable_24,24,24,ultimate food OBJ
DoubleCheeseburger,food,food_cooking,hand_or_table,converted_obj,obj/props/food/quaternius_ultimate_food/DoubleCheeseburger.obj,animated_gltf/food/DoubleCheeseburger/DoubleCheeseburger_animated.gltf,PickUp_24;Place_24;Eat_24;Inspect_24;IdleTable_24,24,24,ultimate food OBJ
Egg_Burned,food,food_cooking,hand_or_table,converted_obj,obj/props/food/quaternius_ultimate_food/Egg_Burned.obj,animated_gltf/food/Egg_Burned/Egg_Burned_animated.gltf,PickUp_24;Place_24;Eat_24;Inspect_24;IdleTable_24,24,24,ultimate food OBJ
Egg_Fried,food,food_cooking,hand_or_table,converted_obj,obj/props/food/quaternius_ultimate_food/Egg_Fried.obj,animated_gltf/food/Egg_Fried/Egg_Fried_animated.gltf,PickUp_24;Place_24;Eat_24;Inspect_24;IdleTable_24,24,24,ultimate food OBJ
Egg_Whole,food,food_cooking,hand_or_table,converted_obj,obj/props/food/quaternius_ultimate_food/Egg_Whole.obj,animated_gltf/food/Egg_Whole/Egg_Whole_animated.gltf,PickUp_24;Place_24;Eat_24;Inspect_24;IdleTable_24,24,24,ultimate food OBJ
Egg_Whole_White,food,food_cooking,hand_or_table,converted_obj,obj/props/food/quaternius_ultimate_food/Egg_Whole_White.obj,animated_gltf/food/Egg_Whole_White/Egg_Whole_White_animated.gltf,PickUp_24;Place_24;Eat_24;Inspect_24;IdleTable_24,24,24,ultimate food OBJ
Eggplant,food,food_cooking,hand_or_table,converted_obj,obj/props/food/quaternius_ultimate_food/Eggplant.obj,animated_gltf/food/Eggplant/Eggplant_animated.gltf,PickUp_24;Place_24;Eat_24;Inspect_24;IdleTable_24,24,24,ultimate food OBJ
Fish,food,food_cooking,hand_or_table,converted_obj,obj/props/food/quaternius_ultimate_food/Fish.obj,animated_gltf/food/Fish/Fish_animated.gltf,PickUp_24;Place_24;Eat_24;Inspect_24;IdleTable_24,24,24,ultimate food OBJ
FishBone,food,food_cooking,hand_or_table,converted_obj,obj/props/food/quaternius_ultimate_food/FishBone.obj,animated_gltf/food/FishBone/FishBone_animated.gltf,PickUp_24;Place_24;Eat_24;Inspect_24;IdleTable_24,24,24,ultimate food OBJ
Fork,food,food_cooking,hand_or_table,converted_obj,obj/props/food/quaternius_ultimate_food/Fork.obj,animated_gltf/food/Fork/Fork_animated.gltf,PickUp_24;Place_24;CookStir_24;Inspect_24;IdleTable_24,24,24,ultimate food OBJ
Fries,food,food_cooking,hand_or_table,converted_obj,obj/props/food/quaternius_ultimate_food/Fries.obj,animated_gltf/food/Fries/Fries_animated.gltf,PickUp_24;Place_24;Eat_24;Inspect_24;IdleTable_24,24,24,ultimate food OBJ
FryingPan,food,food_cooking,hand_or_table,converted_obj,obj/props/food/quaternius_ultimate_food/FryingPan.obj,animated_gltf/food/FryingPan/FryingPan_animated.gltf,PickUp_24;Place_24;CookStir_24;Inspect_24;IdleTable_24,24,24,ultimate food OBJ
Hotdog,food,food_cooking,hand_or_table,converted_obj,obj/props/food/quaternius_ultimate_food/Hotdog.obj,animated_gltf/food/Hotdog/Hotdog_animated.gltf,PickUp_24;Place_24;Eat_24;Inspect_24;IdleTable_24,24,24,ultimate food OBJ
Hotdog_Bun,food,food_cooking,hand_or_table,converted_obj,obj/props/food/quaternius_ultimate_food/Hotdog_Bun.obj,animated_gltf/food/Hotdog_Bun/Hotdog_Bun_animated.gltf,PickUp_24;Place_24;Eat_24;Inspect_24;IdleTable_24,24,24,ultimate food OBJ
IceCream_1,food,food_cooking,hand_or_table,converted_obj,obj/props/food/quaternius_ultimate_food/IceCream_1.obj,animated_gltf/food/IceCream_1/IceCream_1_animated.gltf,PickUp_24;Place_24;Eat_24;Inspect_24;IdleTable_24,24,24,ultimate food OBJ
IceCream_2,food,food_cooking,hand_or_table,converted_obj,obj/props/food/quaternius_ultimate_food/IceCream_2.obj,animated_gltf/food/IceCream_2/IceCream_2_animated.gltf,PickUp_24;Place_24;Eat_24;Inspect_24;IdleTable_24,24,24,ultimate food OBJ
IceCream_3,food,food_cooking,hand_or_table,converted_obj,obj/props/food/quaternius_ultimate_food/IceCream_3.obj,animated_gltf/food/IceCream_3/IceCream_3_animated.gltf,PickUp_24;Place_24;Eat_24;Inspect_24;IdleTable_24,24,24,ultimate food OBJ
IceCream_4,food,food_cooking,hand_or_table,converted_obj,obj/props/food/quaternius_ultimate_food/IceCream_4.obj,animated_gltf/food/IceCream_4/IceCream_4_animated.gltf,PickUp_24;Place_24;Eat_24;Inspect_24;IdleTable_24,24,24,ultimate food OBJ
IceCream_Cone,food,food_cooking,hand_or_table,converted_obj,obj/props/food/quaternius_ultimate_food/IceCream_Cone.obj,animated_gltf/food/IceCream_Cone/IceCream_Cone_animated.gltf,PickUp_24;Place_24;Eat_24;Inspect_24;IdleTable_24,24,24,ultimate food OBJ
IceCream_Cone2,food,food_cooking,hand_or_table,converted_obj,obj/props/food/quaternius_ultimate_food/IceCream_Cone2.obj,animated_gltf/food/IceCream_Cone2/IceCream_Cone2_animated.gltf,PickUp_24;Place_24;Eat_24;Inspect_24;IdleTable_24,24,24,ultimate food OBJ
Jar_Large,food,food_cooking,hand_or_table,converted_obj,obj/props/food/quaternius_ultimate_food/Jar_Large.obj,animated_gltf/food/Jar_Large/Jar_Large_animated.gltf,PickUp_24;Place_24;Drink_24;Inspect_24;IdleTable_24,24,24,ultimate food OBJ
KetchupBottle,food,food_cooking,hand_or_table,converted_obj,obj/props/food/quaternius_ultimate_food/KetchupBottle.obj,animated_gltf/food/KetchupBottle/KetchupBottle_animated.gltf,PickUp_24;Place_24;Drink_24;Inspect_24;IdleTable_24,24,24,ultimate food OBJ
KetchupMustard,food,food_cooking,hand_or_table,converted_obj,obj/props/food/quaternius_ultimate_food/KetchupMustard.obj,animated_gltf/food/KetchupMustard/KetchupMustard_animated.gltf,PickUp_24;Place_24;Eat_24;Inspect_24;IdleTable_24,24,24,ultimate food OBJ
Knife,food,food_cooking,hand_or_table,converted_obj,obj/props/food/quaternius_ultimate_food/Knife.obj,animated_gltf/food/Knife/Knife_animated.gltf,PickUp_24;Place_24;CookStir_24;Inspect_24;IdleTable_24,24,24,ultimate food OBJ
Lettuce,food,food_cooking,hand_or_table,converted_obj,obj/props/food/quaternius_ultimate_food/Lettuce.obj,animated_gltf/food/Lettuce/Lettuce_animated.gltf,PickUp_24;Place_24;Eat_24;Inspect_24;IdleTable_24,24,24,ultimate food OBJ
Lettuce_Whole,food,food_cooking,hand_or_table,converted_obj,obj/props/food/quaternius_ultimate_food/Lettuce_Whole.obj,animated_gltf/food/Lettuce_Whole/Lettuce_Whole_animated.gltf,PickUp_24;Place_24;Eat_24;Inspect_24;IdleTable_24,24,24,ultimate food OBJ
MayoBottle,food,food_cooking,hand_or_table,converted_obj,obj/props/food/quaternius_ultimate_food/MayoBottle.obj,animated_gltf/food/MayoBottle/MayoBottle_animated.gltf,PickUp_24;Place_24;Drink_24;Inspect_24;IdleTable_24,24,24,ultimate food OBJ
Mushroom,food,food_cooking,hand_or_table,converted_obj,obj/props/food/quaternius_ultimate_food/Mushroom.obj,animated_gltf/food/Mushroom/Mushroom_animated.gltf,PickUp_24;Place_24;Eat_24;Inspect_24;IdleTable_24,24,24,ultimate food OBJ
Mushroom_Sliced,food,food_cooking,hand_or_table,converted_obj,obj/props/food/quaternius_ultimate_food/Mushroom_Sliced.obj,animated_gltf/food/Mushroom_Sliced/Mushroom_Sliced_animated.gltf,PickUp_24;Place_24;Eat_24;Inspect_24;IdleTable_24,24,24,ultimate food OBJ
MustardBottle,food,food_cooking,hand_or_table,converted_obj,obj/props/food/quaternius_ultimate_food/MustardBottle.obj,animated_gltf/food/MustardBottle/MustardBottle_animated.gltf,PickUp_24;Place_24;Drink_24;Inspect_24;IdleTable_24,24,24,ultimate food OBJ
Orange,food,food_cooking,hand_or_table,converted_obj,obj/props/food/quaternius_ultimate_food/Orange.obj,animated_gltf/food/Orange/Orange_animated.gltf,PickUp_24;Place_24;Eat_24;Inspect_24;IdleTable_24,24,24,ultimate food OBJ
Pancake,food,food_cooking,hand_or_table,converted_obj,obj/props/food/quaternius_ultimate_food/Pancake.obj,animated_gltf/food/Pancake/Pancake_animated.gltf,PickUp_24;Place_24;CookStir_24;Inspect_24;IdleTable_24,24,24,ultimate food OBJ
Pancakes_Stack,food,food_cooking,hand_or_table,converted_obj,obj/props/food/quaternius_ultimate_food/Pancakes_Stack.obj,animated_gltf/food/Pancakes_Stack/Pancakes_Stack_animated.gltf,PickUp_24;Place_24;CookStir_24;Inspect_24;IdleTable_24,24,24,ultimate food OBJ
PeanutButter,food,food_cooking,hand_or_table,converted_obj,obj/props/food/quaternius_ultimate_food/PeanutButter.obj,animated_gltf/food/PeanutButter/PeanutButter_animated.gltf,PickUp_24;Place_24;Eat_24;Inspect_24;IdleTable_24,24,24,ultimate food OBJ
PeanutButter_2,food,food_cooking,hand_or_table,converted_obj,obj/props/food/quaternius_ultimate_food/PeanutButter_2.obj,animated_gltf/food/PeanutButter_2/PeanutButter_2_animated.gltf,PickUp_24;Place_24;Eat_24;Inspect_24;IdleTable_24,24,24,ultimate food OBJ
Pepper_Green,food,food_cooking,hand_or_table,converted_obj,obj/props/food/quaternius_ultimate_food/Pepper_Green.obj,animated_gltf/food/Pepper_Green/Pepper_Green_animated.gltf,PickUp_24;Place_24;Eat_24;Inspect_24;IdleTable_24,24,24,ultimate food OBJ
Pepper_Red,food,food_cooking,hand_or_table,converted_obj,obj/props/food/quaternius_ultimate_food/Pepper_Red.obj,animated_gltf/food/Pepper_Red/Pepper_Red_animated.gltf,PickUp_24;Place_24;Eat_24;Inspect_24;IdleTable_24,24,24,ultimate food OBJ
Pizza,food,food_cooking,hand_or_table,converted_obj,obj/props/food/quaternius_ultimate_food/Pizza.obj,animated_gltf/food/Pizza/Pizza_animated.gltf,PickUp_24;Place_24;Eat_24;Inspect_24;IdleTable_24,24,24,ultimate food OBJ
Pizza_Burned,food,food_cooking,hand_or_table,converted_obj,obj/props/food/quaternius_ultimate_food/Pizza_Burned.obj,animated_gltf/food/Pizza_Burned/Pizza_Burned_animated.gltf,PickUp_24;Place_24;Eat_24;Inspect_24;IdleTable_24,24,24,ultimate food OBJ
Pizza_Slice,food,food_cooking,hand_or_table,converted_obj,obj/props/food/quaternius_ultimate_food/Pizza_Slice.obj,animated_gltf/food/Pizza_Slice/Pizza_Slice_animated.gltf,PickUp_24;Place_24;Eat_24;Inspect_24;IdleTable_24,24,24,ultimate food OBJ
Plate,food,food_cooking,hand_or_table,converted_obj,obj/props/food/quaternius_ultimate_food/Plate.obj,animated_gltf/food/Plate/Plate_animated.gltf,PickUp_24;Place_24;Eat_24;Inspect_24;IdleTable_24,24,24,ultimate food OBJ
Plate2,food,food_cooking,hand_or_table,converted_obj,obj/props/food/quaternius_ultimate_food/Plate2.obj,animated_gltf/food/Plate2/Plate2_animated.gltf,PickUp_24;Place_24;Eat_24;Inspect_24;IdleTable_24,24,24,ultimate food OBJ
Plate_Square,food,food_cooking,hand_or_table,converted_obj,obj/props/food/quaternius_ultimate_food/Plate_Square.obj,animated_gltf/food/Plate_Square/Plate_Square_animated.gltf,PickUp_24;Place_24;Eat_24;Inspect_24;IdleTable_24,24,24,ultimate food OBJ
Popsicle_Chocolate,food,food_cooking,hand_or_table,converted_obj,obj/props/food/quaternius_ultimate_food/Popsicle_Chocolate.obj,animated_gltf/food/Popsicle_Chocolate/Popsicle_Chocolate_animated.gltf,PickUp_24;Place_24;Eat_24;Inspect_24;IdleTable_24,24,24,ultimate food OBJ
Popsicle_Multiple,food,food_cooking,hand_or_table,converted_obj,obj/props/food/quaternius_ultimate_food/Popsicle_Multiple.obj,animated_gltf/food/Popsicle_Multiple/Popsicle_Multiple_animated.gltf,PickUp_24;Place_24;Eat_24;Inspect_24;IdleTable_24,24,24,ultimate food OBJ
Popsicle_Strawberry,food,food_cooking,hand_or_table,converted_obj,obj/props/food/quaternius_ultimate_food/Popsicle_Strawberry.obj,animated_gltf/food/Popsicle_Strawberry/Popsicle_Strawberry_animated.gltf,PickUp_24;Place_24;Eat_24;Inspect_24;IdleTable_24,24,24,ultimate food OBJ
Pumpkin,food,food_cooking,hand_or_table,converted_obj,obj/props/food/quaternius_ultimate_food/Pumpkin.obj,animated_gltf/food/Pumpkin/Pumpkin_animated.gltf,PickUp_24;Place_24;Eat_24;Inspect_24;IdleTable_24,24,24,ultimate food OBJ
Sashimi_Salmon,food,food_cooking,hand_or_table,converted_obj,obj/props/food/quaternius_ultimate_food/Sashimi_Salmon.obj,animated_gltf/food/Sashimi_Salmon/Sashimi_Salmon_animated.gltf,PickUp_24;Place_24;Eat_24;Inspect_24;IdleTable_24,24,24,ultimate food OBJ
Sashimi_Salmon2,food,food_cooking,hand_or_table,converted_obj,obj/props/food/quaternius_ultimate_food/Sashimi_Salmon2.obj,animated_gltf/food/Sashimi_Salmon2/Sashimi_Salmon2_animated.gltf,PickUp_24;Place_24;Eat_24;Inspect_24;IdleTable_24,24,24,ultimate food OBJ
Sausage_Cooked,food,food_cooking,hand_or_table,converted_obj,obj/props/food/quaternius_ultimate_food/Sausage_Cooked.obj,animated_gltf/food/Sausage_Cooked/Sausage_Cooked_animated.gltf,PickUp_24;Place_24;Eat_24;Inspect_24;IdleTable_24,24,24,ultimate food OBJ
Sausage_Raw,food,food_cooking,hand_or_table,converted_obj,obj/props/food/quaternius_ultimate_food/Sausage_Raw.obj,animated_gltf/food/Sausage_Raw/Sausage_Raw_animated.gltf,PickUp_24;Place_24;Eat_24;Inspect_24;IdleTable_24,24,24,ultimate food OBJ
Soda,food,food_cooking,hand_or_table,converted_obj,obj/props/food/quaternius_ultimate_food/Soda.obj,animated_gltf/food/Soda/Soda_animated.gltf,PickUp_24;Place_24;Drink_24;Inspect_24;IdleTable_24,24,24,ultimate food OBJ
SoySauce,food,food_cooking,hand_or_table,converted_obj,obj/props/food/quaternius_ultimate_food/SoySauce.obj,animated_gltf/food/SoySauce/SoySauce_animated.gltf,PickUp_24;Place_24;Eat_24;Inspect_24;IdleTable_24,24,24,ultimate food OBJ
Spoon,food,food_cooking,hand_or_table,converted_obj,obj/props/food/quaternius_ultimate_food/Spoon.obj,animated_gltf/food/Spoon/Spoon_animated.gltf,PickUp_24;Place_24;CookStir_24;Inspect_24;IdleTable_24,24,24,ultimate food OBJ
Steak,food,food_cooking,hand_or_table,converted_obj,obj/props/food/quaternius_ultimate_food/Steak.obj,animated_gltf/food/Steak/Steak_animated.gltf,PickUp_24;Place_24;Eat_24;Inspect_24;IdleTable_24,24,24,ultimate food OBJ
Steak_burned,food,food_cooking,hand_or_table,converted_obj,obj/props/food/quaternius_ultimate_food/Steak_burned.obj,animated_gltf/food/Steak_burned/Steak_burned_animated.gltf,PickUp_24;Place_24;Eat_24;Inspect_24;IdleTable_24,24,24,ultimate food OBJ
Sushi_Nigiri1,food,food_cooking,hand_or_table,converted_obj,obj/props/food/quaternius_ultimate_food/Sushi_Nigiri1.obj,animated_gltf/food/Sushi_Nigiri1/Sushi_Nigiri1_animated.gltf,PickUp_24;Place_24;Eat_24;Inspect_24;IdleTable_24,24,24,ultimate food OBJ
Sushi_Nigiri2,food,food_cooking,hand_or_table,converted_obj,obj/props/food/quaternius_ultimate_food/Sushi_Nigiri2.obj,animated_gltf/food/Sushi_Nigiri2/Sushi_Nigiri2_animated.gltf,PickUp_24;Place_24;Eat_24;Inspect_24;IdleTable_24,24,24,ultimate food OBJ
Sushi_NigiriOctopus,food,food_cooking,hand_or_table,converted_obj,obj/props/food/quaternius_ultimate_food/Sushi_NigiriOctopus.obj,animated_gltf/food/Sushi_NigiriOctopus/Sushi_NigiriOctopus_animated.gltf,PickUp_24;Place_24;Eat_24;Inspect_24;IdleTable_24,24,24,ultimate food OBJ
Sushi_Roll1,food,food_cooking,hand_or_table,converted_obj,obj/props/food/quaternius_ultimate_food/Sushi_Roll1.obj,animated_gltf/food/Sushi_Roll1/Sushi_Roll1_animated.gltf,PickUp_24;Place_24;Eat_24;Inspect_24;IdleTable_24,24,24,ultimate food OBJ
Sushi_Roll2,food,food_cooking,hand_or_table,converted_obj,obj/props/food/quaternius_ultimate_food/Sushi_Roll2.obj,animated_gltf/food/Sushi_Roll2/Sushi_Roll2_animated.gltf,PickUp_24;Place_24;Eat_24;Inspect_24;IdleTable_24,24,24,ultimate food OBJ
Tentacle,food,food_cooking,hand_or_table,converted_obj,obj/props/food/quaternius_ultimate_food/Tentacle.obj,animated_gltf/food/Tentacle/Tentacle_animated.gltf,PickUp_24;Place_24;Eat_24;Inspect_24;IdleTable_24,24,24,ultimate food OBJ
Tomato,food,food_cooking,hand_or_table,converted_obj,obj/props/food/quaternius_ultimate_food/Tomato.obj,animated_gltf/food/Tomato/Tomato_animated.gltf,PickUp_24;Place_24;Eat_24;Inspect_24;IdleTable_24,24,24,ultimate food OBJ
Tomato_Slice,food,food_cooking,hand_or_table,converted_obj,obj/props/food/quaternius_ultimate_food/Tomato_Slice.obj,animated_gltf/food/Tomato_Slice/Tomato_Slice_animated.gltf,PickUp_24;Place_24;Eat_24;Inspect_24;IdleTable_24,24,24,ultimate food OBJ
Turnip,food,food_cooking,hand_or_table,converted_obj,obj/props/food/quaternius_ultimate_food/Turnip.obj,animated_gltf/food/Turnip/Turnip_animated.gltf,PickUp_24;Place_24;Eat_24;Inspect_24;IdleTable_24,24,24,ultimate food OBJ
Waffle,food,food_cooking,hand_or_table,converted_obj,obj/props/food/quaternius_ultimate_food/Waffle.obj,animated_gltf/food/Waffle/Waffle_animated.gltf,PickUp_24;Place_24;Eat_24;Inspect_24;IdleTable_24,24,24,ultimate food OBJ
tavern-3-knife,food,food_cooking,hand_or_table,converted_obj,obj/tavern/tavern-3-knife.obj,animated_gltf/food/tavern-3-knife/tavern-3-knife_animated.gltf,PickUp_24;Place_24;CookStir_24;Inspect_24;IdleTable_24,24,24,food/cooking filename match
tavern-33-shelf_meat,food,food_cooking,hand_or_table,converted_obj,obj/tavern/tavern-33-shelf_meat.obj,animated_gltf/food/tavern-33-shelf_meat/tavern-33-shelf_meat_animated.gltf,PickUp_24;Place_24;Eat_24;Inspect_24;IdleTable_24,24,24,food/cooking filename match
tavern-4-bottle_wine,food,food_cooking,hand_or_table,converted_obj,obj/tavern/tavern-4-bottle_wine.obj,animated_gltf/food/tavern-4-bottle_wine/tavern-4-bottle_wine_animated.gltf,PickUp_24;Place_24;Drink_24;Inspect_24;IdleTable_24,24,24,food/cooking filename match
tavern-5-winemug,food,food_cooking,hand_or_table,converted_obj,obj/tavern/tavern-5-winemug.obj,animated_gltf/food/tavern-5-winemug/tavern-5-winemug_animated.gltf,PickUp_24;Place_24;Drink_24;Inspect_24;IdleTable_24,24,24,food/cooking filename match
tavern-56-cake,food,food_cooking,hand_or_table,converted_obj,obj/tavern/tavern-56-cake.obj,animated_gltf/food/tavern-56-cake/tavern-56-cake_animated.gltf,PickUp_24;Place_24;Eat_24;Inspect_24;IdleTable_24,24,24,food/cooking filename match
tavern-57-bread_slice,food,food_cooking,hand_or_table,converted_obj,obj/tavern/tavern-57-bread_slice.obj,animated_gltf/food/tavern-57-bread_slice/tavern-57-bread_slice_animated.gltf,PickUp_24;Place_24;Eat_24;Inspect_24;IdleTable_24,24,24,food/cooking filename match
tavern-58-bread_loaf,food,food_cooking,hand_or_table,converted_obj,obj/tavern/tavern-58-bread_loaf.obj,animated_gltf/food/tavern-58-bread_loaf/tavern-58-bread_loaf_animated.gltf,PickUp_24;Place_24;Eat_24;Inspect_24;IdleTable_24,24,24,food/cooking filename match
tavern-59-bottle_green,food,food_cooking,hand_or_table,converted_obj,obj/tavern/tavern-59-bottle_green.obj,animated_gltf/food/tavern-59-bottle_green/tavern-59-bottle_green_animated.gltf,PickUp_24;Place_24;Drink_24;Inspect_24;IdleTable_24,24,24,food/cooking filename match
tavern-6-cheese,food,food_cooking,hand_or_table,converted_obj,obj/tavern/tavern-6-cheese.obj,animated_gltf/food/tavern-6-cheese/tavern-6-cheese_animated.gltf,PickUp_24;Place_24;Eat_24;Inspect_24;IdleTable_24,24,24,food/cooking filename match
tavern-60-beermug,food,food_cooking,hand_or_table,converted_obj,obj/tavern/tavern-60-beermug.obj,animated_gltf/food/tavern-60-beermug/tavern-60-beermug_animated.gltf,PickUp_24;Place_24;Drink_24;Inspect_24;IdleTable_24,24,24,food/cooking filename match
tavern-7-plate,food,food_cooking,hand_or_table,converted_obj,obj/tavern/tavern-7-plate.obj,animated_gltf/food/tavern-7-plate/tavern-7-plate_animated.gltf,PickUp_24;Place_24;Eat_24;Inspect_24;IdleTable_24,24,24,food/cooking filename match
Bottle_1,food,food_cooking,hand_or_table,existing_gltf,gltf/quaternius/fantasy_props/Bottle_1.gltf,animated_gltf/food/Bottle_1/Bottle_1_animated.gltf,PickUp_24;Place_24;Drink_24;Inspect_24;IdleTable_24,24,24,food/cooking filename match
Carrot_quaternius_fantasy_props,food,food_cooking,hand_or_table,existing_gltf,gltf/quaternius/fantasy_props/Carrot.gltf,animated_gltf/food/Carrot_quaternius_fantasy_props/Carrot_quaternius_fantasy_props_animated.gltf,PickUp_24;Place_24;Eat_24;Inspect_24;IdleTable_24,24,24,food/cooking filename match
Mug,food,food_cooking,hand_or_table,existing_gltf,gltf/quaternius/fantasy_props/Mug.gltf,animated_gltf/food/Mug/Mug_animated.gltf,PickUp_24;Place_24;Drink_24;Inspect_24;IdleTable_24,24,24,food/cooking filename match
Pot_1,food,food_cooking,hand_or_table,existing_gltf,gltf/quaternius/fantasy_props/Pot_1.gltf,animated_gltf/food/Pot_1/Pot_1_animated.gltf,PickUp_24;Place_24;CookStir_24;Inspect_24;IdleTable_24,24,24,food/cooking filename match
Pot_1_Lid,food,food_cooking,hand_or_table,existing_gltf,gltf/quaternius/fantasy_props/Pot_1_Lid.gltf,animated_gltf/food/Pot_1_Lid/Pot_1_Lid_animated.gltf,PickUp_24;Place_24;CookStir_24;Inspect_24;IdleTable_24,24,24,food/cooking filename match
Potion_1,food,food_cooking,hand_or_table,existing_gltf,gltf/quaternius/fantasy_props/Potion_1.gltf,animated_gltf/food/Potion_1/Potion_1_animated.gltf,PickUp_24;Place_24;CookStir_24;Inspect_24;IdleTable_24,24,24,food/cooking filename match
Potion_2,food,food_cooking,hand_or_table,existing_gltf,gltf/quaternius/fantasy_props/Potion_2.gltf,animated_gltf/food/Potion_2/Potion_2_animated.gltf,PickUp_24;Place_24;CookStir_24;Inspect_24;IdleTable_24,24,24,food/cooking filename match
Potion_4,food,food_cooking,hand_or_table,existing_gltf,gltf/quaternius/fantasy_props/Potion_4.gltf,animated_gltf/food/Potion_4/Potion_4_animated.gltf,PickUp_24;Place_24;CookStir_24;Inspect_24;IdleTable_24,24,24,food/cooking filename match
Shelf_Small_Bottles,food,food_cooking,hand_or_table,existing_gltf,gltf/quaternius/fantasy_props/Shelf_Small_Bottles.gltf,animated_gltf/food/Shelf_Small_Bottles/Shelf_Small_Bottles_animated.gltf,PickUp_24;Place_24;Drink_24;Inspect_24;IdleTable_24,24,24,food/cooking filename match
SmallBottle,food,food_cooking,hand_or_table,existing_gltf,gltf/quaternius/fantasy_props/SmallBottle.gltf,animated_gltf/food/SmallBottle/SmallBottle_animated.gltf,PickUp_24;Place_24;Drink_24;Inspect_24;IdleTable_24,24,24,food/cooking filename match
SmallBottles_1,food,food_cooking,hand_or_table,existing_gltf,gltf/quaternius/fantasy_props/SmallBottles_1.gltf,animated_gltf/food/SmallBottles_1/SmallBottles_1_animated.gltf,PickUp_24;Place_24;Drink_24;Inspect_24;IdleTable_24,24,24,food/cooking filename match
Table_Fork,food,food_cooking,hand_or_table,existing_gltf,gltf/quaternius/fantasy_props/Table_Fork.gltf,animated_gltf/food/Table_Fork/Table_Fork_animated.gltf,PickUp_24;Place_24;CookStir_24;Inspect_24;IdleTable_24,24,24,food/cooking filename match
Table_Knife,food,food_cooking,hand_or_table,existing_gltf,gltf/quaternius/fantasy_props/Table_Knife.gltf,animated_gltf/food/Table_Knife/Table_Knife_animated.gltf,PickUp_24;Place_24;CookStir_24;Inspect_24;IdleTable_24,24,24,food/cooking filename match
Table_Plate,food,food_cooking,hand_or_table,existing_gltf,gltf/quaternius/fantasy_props/Table_Plate.gltf,animated_gltf/food/Table_Plate/Table_Plate_animated.gltf,PickUp_24;Place_24;Eat_24;Inspect_24;IdleTable_24,24,24,food/cooking filename match
Table_Spoon,food,food_cooking,hand_or_table,existing_gltf,gltf/quaternius/fantasy_props/Table_Spoon.gltf,animated_gltf/food/Table_Spoon/Table_Spoon_animated.gltf,PickUp_24;Place_24;CookStir_24;Inspect_24;IdleTable_24,24,24,food/cooking filename match
bottle_A_brown,food,food_cooking,hand_or_table,converted_glb,glb/props/magic/bottle_A_brown.gltf.glb,animated_gltf/food/bottle_A_brown/bottle_A_brown_animated.gltf,PickUp_24;Place_24;Drink_24;Inspect_24;IdleTable_24,24,24,food/cooking filename match
bottle_A_green,food,food_cooking,hand_or_table,converted_glb,glb/props/magic/bottle_A_green.gltf.glb,animated_gltf/food/bottle_A_green/bottle_A_green_animated.gltf,PickUp_24;Place_24;Drink_24;Inspect_24;IdleTable_24,24,24,food/cooking filename match
bottle_A_labeled_brown,food,food_cooking,hand_or_table,converted_glb,glb/props/magic/bottle_A_labeled_brown.gltf.glb,animated_gltf/food/bottle_A_labeled_brown/bottle_A_labeled_brown_animated.gltf,PickUp_24;Place_24;Drink_24;Inspect_24;IdleTable_24,24,24,food/cooking filename match
bottle_A_labeled_green,food,food_cooking,hand_or_table,converted_glb,glb/props/magic/bottle_A_labeled_green.gltf.glb,animated_gltf/food/bottle_A_labeled_green/bottle_A_labeled_green_animated.gltf,PickUp_24;Place_24;Drink_24;Inspect_24;IdleTable_24,24,24,food/cooking filename match
bottle_B_brown,food,food_cooking,hand_or_table,converted_glb,glb/props/magic/bottle_B_brown.gltf.glb,animated_gltf/food/bottle_B_brown/bottle_B_brown_animated.gltf,PickUp_24;Place_24;Drink_24;Inspect_24;IdleTable_24,24,24,food/cooking filename match
bottle_B_green,food,food_cooking,hand_or_table,converted_glb,glb/props/magic/bottle_B_green.gltf.glb,animated_gltf/food/bottle_B_green/bottle_B_green_animated.gltf,PickUp_24;Place_24;Drink_24;Inspect_24;IdleTable_24,24,24,food/cooking filename match
bottle_C_brown,food,food_cooking,hand_or_table,converted_glb,glb/props/magic/bottle_C_brown.gltf.glb,animated_gltf/food/bottle_C_brown/bottle_C_brown_animated.gltf,PickUp_24;Place_24;Drink_24;Inspect_24;IdleTable_24,24,24,food/cooking filename match
bottle_C_green,food,food_cooking,hand_or_table,converted_glb,glb/props/magic/bottle_C_green.gltf.glb,animated_gltf/food/bottle_C_green/bottle_C_green_animated.gltf,PickUp_24;Place_24;Drink_24;Inspect_24;IdleTable_24,24,24,food/cooking filename match
